"STATION","DATE","LATITUDE","LONGITUDE","ELEVATION","NAME","TEMP","TEMP_ATTRIBUTES","DEWP","DEWP_ATTRIBUTES","SLP","SLP_ATTRIBUTES","STP","STP_ATTRIBUTES","VISIB","VISIB_ATTRIBUTES","WDSP","WDSP_ATTRIBUTES","MXSPD","GUST","MAX","MAX_ATTRIBUTES","MIN","MIN_ATTRIBUTES","PRCP","PRCP_ATTRIBUTES","SNDP","FRSHTT"
"72505394728","2021-01-01","40.77898","-73.96925","42.7","NY CITY CENTRAL PARK, NY US","  36.5","24","  24.6","24","1030.1","24","025.1","24","  9.8","24","  4.4","24","  8.9","999.9","  48.0"," ","  33.1"," "," 0.39","G","999.9","010000"
"72505394728","2021-01-02","40.77898","-73.96925","42.7","NY CITY CENTRAL PARK, NY US","  41.5","24","  35.3","24","1012.8","16","008.0","24","  5.9","24","  6.2","24","  9.9"," 21.0","  51.1"," ","  33.1"," "," 0.67","G","999.9","010000"
"72505394728","2021-01-03","40.77898","-73.96925","42.7","NY CITY CENTRAL PARK, NY US","  36.6","24","  29.9","24","1018.0","21","012.7","24","  8.4","24","  6.7","24"," 12.0"," 22.0","  51.1"," ","  34.0"," "," 0.05","G","999.9","011000"
"72505394728","2021-01-04","40.77898","-73.96925","42.7","NY CITY CENTRAL PARK, NY US","  37.7","24","  32.1","24","1014.5","19","009.5","24","  9.2","24","  5.3","24"," 11.1"," 18.1","  43.0"," ","  34.0"," "," 0.24","G","999.9","011000"
"72505394728","2021-01-05","40.77898","-73.96925","42.7","NY CITY CENTRAL PARK, NY US","  38.4","24","  29.6","24","1013.1","22","008.2","24"," 10.0","24","  3.9","24","  7.0","999.9","  43.0"," ","  35.1"," "," 0.02","G","999.9","000000"
"72505394728","2021-01-06","40.77898","-73.96925","42.7","NY CITY CENTRAL PARK, NY US","  37.4","24","  26.5","24","1014.4","19","009.5","24"," 10.0","24","  6.4","24"," 15.0"," 22.0","  42.1"," ","  35.1"," "," 0.00","G","999.9","000000"
"72505394728","2021-01-07","40.77898","-73.96925","42.7","NY CITY CENTRAL PARK, NY US","  35.3","24","  20.6","24","1018.0","24","013.0","24"," 10.0","24","  7.2","22"," 11.1"," 18.1","  41.0"," ","  30.9"," "," 0.00","G","999.9","000000"
"72505394728","2021-01-08","40.77898","-73.96925","42.7","NY CITY CENTRAL PARK, NY US","  32.0","24","  19.5","24","1016.4","24","011.4","24"," 10.0","24","  4.5","21","  8.9","999.9","  41.0"," ","  27.0"," "," 0.00","G","999.9","000000"
"72505394728","2021-01-09","40.77898","-73.96925","42.7","NY CITY CENTRAL PARK, NY US","  30.7","24","  14.9","24","1011.6","24","006.6","24"," 10.0","24","  6.0","23"," 13.0"," 24.1","  37.0"," ","  24.1"," "," 0.00","G","999.9","000000"
"72505394728","2021-01-10","40.77898","-73.96925","42.7","NY CITY CENTRAL PARK, NY US","  34.1","24","  16.8","24","1019.9","24","014.8","24"," 10.0","24","  4.1","23","  8.9"," 15.9","  41.0"," ","  24.1"," "," 0.00","G","999.9","000000"
"72505394728","2021-01-11","40.77898","-73.96925","42.7","NY CITY CENTRAL PARK, NY US","  32.4","24","  20.5","24","1025.4","24","020.4","24"," 10.0","24","  2.7","24","  5.1","999.9","  41.0"," ","  28.0"," "," 0.00","G","999.9","000000"
"72505394728","2021-01-12","40.77898","-73.96925","42.7","NY CITY CENTRAL PARK, NY US","  37.3","24","  23.0","24","1019.9","24","015.0","24","  9.4","24","  3.4","24","  6.0","999.9","  44.1"," ","  28.0"," "," 0.00","G","999.9","000000"
"72505394728","2021-01-13","40.77898","-73.96925","42.7","NY CITY CENTRAL PARK, NY US","  38.9","24","  22.9","24","1016.8","24","011.9","24","  8.9","24","  3.0","23","  8.0"," 17.1","  44.1"," ","  33.1"," "," 0.00","G","999.9","000000"
"72505394728","2021-01-14","40.77898","-73.96925","42.7","NY CITY CENTRAL PARK, NY US","  42.9","24","  28.4","24","1010.5","24","005.6","24","  8.2","24","  1.6","24","  4.1","999.9","  48.9"," ","  35.1"," "," 0.00","G","999.9","000000"
"72505394728","2021-01-15","40.77898","-73.96925","42.7","NY CITY CENTRAL PARK, NY US","  41.2","24","  34.4","24","1013.3","22","008.6","23","  7.0","24","  5.7","24"," 12.0"," 17.1","  48.9"," ","  37.9"," "," 0.00","G","999.9","000000"
"72505394728","2021-01-16","40.77898","-73.96925","42.7","NY CITY CENTRAL PARK, NY US","  43.1","24","  37.9","24","1001.4","19","995.5","24","  8.2","24","  7.2","24"," 19.0"," 26.0","  46.9"," ","  37.9"," "," 1.16","G","999.9","010000"
"72505394728","2021-01-17","40.77898","-73.96925","42.7","NY CITY CENTRAL PARK, NY US","  39.3","24","  24.6","24","1001.0","24","996.2","24"," 10.0","24","  7.7","22"," 12.0"," 26.0","  46.9"," ","  35.1"," "," 0.78","G","999.9","000000"
"72505394728","2021-01-18","40.77898","-73.96925","42.7","NY CITY CENTRAL PARK, NY US","  41.3","24","  25.6","24","1006.3","24","001.5","24"," 10.0","24","  6.1","23","  9.9"," 18.1","  45.0"," ","  35.1"," "," 0.00","G","999.9","000000"
"72505394728","2021-01-19","40.77898","-73.96925","42.7","NY CITY CENTRAL PARK, NY US","  37.8","24","  23.4","24","1015.9","24","011.0","24"," 10.0","24","  5.7","24"," 12.0"," 22.0","  45.0"," ","  35.1"," "," 0.00","G","999.9","000000"
"72505394728","2021-01-20","40.77898","-73.96925","42.7","NY CITY CENTRAL PARK, NY US","  36.6","24","  19.2","24","1014.4","23","009.4","24","  9.5","24","  5.7","23"," 13.0"," 22.9","  43.0"," ","  30.9"," "," 0.00","G","999.9","001000"
"72505394728","2021-01-21","40.77898","-73.96925","42.7","NY CITY CENTRAL PARK, NY US","  32.3","24","  14.3","24","1010.8","24","005.8","24"," 10.0","24","  3.9","21","  9.9"," 20.0","  43.0"," ","  25.0"," "," 0.02","G","999.9","000000"
"72505394728","2021-01-22","40.77898","-73.96925","42.7","NY CITY CENTRAL PARK, NY US","  40.9","24","  21.7","24","1004.6","24","999.7","24"," 10.0","24","  5.7","23"," 12.0"," 25.1","  45.0"," ","  25.0"," "," 0.00","G","999.9","000000"
"72505394728","2021-01-23","40.77898","-73.96925","42.7","NY CITY CENTRAL PARK, NY US","  31.6","24","   9.1","24","1015.3","24","010.3","24"," 10.0","24","  9.2","24"," 15.0"," 28.9","  45.0"," ","  28.0"," "," 0.00","G","999.9","000000"
"72505394728","2021-01-24","40.77898","-73.96925","42.7","NY CITY CENTRAL PARK, NY US","  26.1","24","   4.3","24","1021.1","24","016.0","24"," 10.0","24","  9.2","20"," 14.0"," 24.1","  36.0"," ","  21.9"," "," 0.00","G","999.9","000000"
"72505394728","2021-01-25","40.77898","-73.96925","42.7","NY CITY CENTRAL PARK, NY US","  29.0","24","   9.0","24","1019.6","24","014.6","24"," 10.0","24","  5.0","24"," 11.1"," 17.1","  37.0"," ","  21.9"," "," 0.00","G","999.9","000000"
"72505394728","2021-01-26","40.77898","-73.96925","42.7","NY CITY CENTRAL PARK, NY US","  33.3","24","  19.7","24","1017.0","18","010.9","24","  7.5","24","  6.0","24"," 11.1"," 17.1","  37.0"," ","  23.0"," "," 0.00","G","999.9","011000"
"72505394728","2021-01-27","40.77898","-73.96925","42.7","NY CITY CENTRAL PARK, NY US","  34.3","24","  27.2","24","1014.4","22","009.3","24","  7.4","24","  5.4","24"," 11.1"," 20.0","  37.0"," ","  30.9"," "," 0.10","G","999.9","011000"
"72505394728","2021-01-28","40.77898","-73.96925","42.7","NY CITY CENTRAL PARK, NY US","  30.0","24","  13.2","24","1018.1","24","013.0","24"," 10.0","24","  7.2","24"," 17.1"," 32.1","  37.0"," ","  25.0"," "," 0.00","G","999.9","000000"
"72505394728","2021-01-29","40.77898","-73.96925","42.7","NY CITY CENTRAL PARK, NY US","  20.4","24","   0.0","24","1019.3","24","014.3","24"," 10.0","24"," 12.5","24"," 22.9"," 34.0","  34.0"," ","  14.0"," "," 0.00","G","999.9","000000"
"72505394728","2021-01-30","40.77898","-73.96925","42.7","NY CITY CENTRAL PARK, NY US","  22.1","24","   3.3","24","1024.4","24","019.3","24"," 10.0","24","  7.6","23"," 14.0"," 19.0","  32.0"," ","  14.0"," "," 0.00","G","999.9","000000"
"72505394728","2021-01-31","40.77898","-73.96925","42.7","NY CITY CENTRAL PARK, NY US","  23.7","24","   9.1","24","1025.9","24","020.8","23","  9.3","24","  4.8","23","  7.0"," 14.0","  32.0"," ","  17.1"," "," 0.00","G","999.9","001000"
"72505394728","2021-02-01","40.77898","-73.96925","42.7","NY CITY CENTRAL PARK, NY US","  27.0","24","  23.6","24","1012.1","12","009.0","24","  0.7","24"," 11.4","24"," 17.1"," 31.1","  33.1"," ","  19.9"," "," 0.43","G","999.9","101000"
"72505394728","2021-02-02","40.77898","-73.96925","42.7","NY CITY CENTRAL PARK, NY US","  32.0","24","  28.5","24"," 997.7"," 6","993.5","24","  2.9","24","  8.8","24"," 17.1"," 27.0","  34.0"," ","  21.9"," "," 1.63","G","  5.1","001000"
"72505394728","2021-02-03","40.77898","-73.96925","42.7","NY CITY CENTRAL PARK, NY US","  32.2","24","  23.6","24"," 998.2","21","992.8","24","  8.7","24","  6.5","24","  9.9"," 18.1","  37.0"," ","  28.9"," "," 0.04","G"," 14.2","001000"
"72505394728","2021-02-04","40.77898","-73.96925","42.7","NY CITY CENTRAL PARK, NY US","  35.0","24","  19.9","24","1008.6","24","003.6","24"," 10.0","24","  6.7","23"," 11.1"," 19.0","  43.0"," ","  28.9"," "," 0.01","G"," 13.0","000000"
"72505394728","2021-02-05","40.77898","-73.96925","42.7","NY CITY CENTRAL PARK, NY US","  41.1","24","  27.7","24","1007.4","20","002.1","24","  9.6","24","  3.5","22","  9.9"," 20.0","  46.9"," ","  30.9"," "," 0.00","G"," 11.0","010000"
"72505394728","2021-02-06","40.77898","-73.96925","42.7","NY CITY CENTRAL PARK, NY US","  39.4","24","  16.7","24","1013.0","24","008.0","24"," 10.0","24","  6.6","23"," 13.0"," 28.9","  46.9"," ","  34.0"," "," 0.07","G","  9.1","000000"
"72505394728","2021-02-07","40.77898","-73.96925","42.7","NY CITY CENTRAL PARK, NY US","  35.9","24","  21.1","24","1016.3","20","010.8","24","  6.2","24","  4.5","23","  8.0","999.9","  44.1"," ","  30.9"," "," 0.00","G","  7.1","101000"
"72505394728","2021-02-08","40.77898","-73.96925","42.7","NY CITY CENTRAL PARK, NY US","  23.7","24","   9.2","24","1026.4","22","020.2","24","  9.3","24","  6.3","23"," 12.0"," 22.9","  39.9"," ","  17.1"," "," 0.41","G","  5.9","001000"
"72505394728","2021-02-09","40.77898","-73.96925","42.7","NY CITY CENTRAL PARK, NY US","  29.8","24","  20.2","24","1025.8","20","020.0","24","  8.4","24","  4.3","24","  7.0","999.9","  33.8","*","  26.1","*"," 0.00","G","  9.8","011000"
"72505394728","2021-02-10","40.77898","-73.96925","42.7","NY CITY CENTRAL PARK, NY US","  29.4","24","  16.3","24","1025.2","23","020.1","24","  9.5","24","  3.9","21","  7.0","999.9","  35.1","*","  26.1","*"," 0.00","G","  9.1","000000"
"72505394728","2021-02-11","40.77898","-73.96925","42.7","NY CITY CENTRAL PARK, NY US","  29.5","24","  18.5","24","1024.5","16","019.3","24","  7.3","24","  5.0","24","  8.9","999.9","  34.0","*","  26.1","*"," 0.11","G","  9.1","001000"
"72505394728","2021-02-12","40.77898","-73.96925","42.7","NY CITY CENTRAL PARK, NY US","  25.8","24","   4.7","24","1026.6","24","021.6","24"," 10.0","24","  4.6","22","  9.9"," 15.9","  30.0","*","  19.9","*"," 0.10","G","  9.1","000000"
"72505394728","2021-02-13","40.77898","-73.96925","42.7","NY CITY CENTRAL PARK, NY US","  27.5","24","   5.2","24","1026.0","24","020.9","24"," 10.0","24","  5.6","24","  8.9"," 15.9","  28.9"," ","  25.0"," "," 0.00","G","  7.9","000000"
"72505394728","2021-02-14","40.77898","-73.96925","42.7","NY CITY CENTRAL PARK, NY US","  31.2","24","  21.4","24","1023.0","23","018.0","24","  9.8","24","  4.1","24","  8.9"," 15.0","  37.9"," ","  25.0"," "," 0.00","G","  7.9","001000"
"72505394728","2021-02-15","40.77898","-73.96925","42.7","NY CITY CENTRAL PARK, NY US","  33.2","24","  23.8","24","1022.9","20","017.6","24","  8.9","24","  4.9","24","  8.0","999.9","  37.9"," ","  27.0"," "," 0.00","G","  7.9","010000"
"72505394728","2021-02-16","40.77898","-73.96925","42.7","NY CITY CENTRAL PARK, NY US","  40.2","24","  34.4","24","1007.0","15","002.3","24","  5.1","24","  6.2","24"," 12.0"," 24.1","  51.1"," ","  30.9"," "," 0.82","G","  7.1","110000"
"72505394728","2021-02-17","40.77898","-73.96925","42.7","NY CITY CENTRAL PARK, NY US","  29.7","24","   8.8","24","1022.8","24","017.9","24"," 10.0","24","  7.4","22"," 14.0"," 24.1","  51.1"," ","  21.9"," "," 0.02","G","  5.9","000000"
"72505394728","2021-02-18","40.77898","-73.96925","42.7","NY CITY CENTRAL PARK, NY US","  28.1","24","  13.5","24","1030.8","14","024.4","24","  5.9","24","  6.8","24"," 12.0"," 20.0","  34.0"," ","  21.9"," "," 0.00","G","  3.1","111000"
"72505394728","2021-02-19","40.77898","-73.96925","42.7","NY CITY CENTRAL PARK, NY US","  29.8","24","  26.4","24","1020.6","11","015.9","24","  3.2","24","  7.3","23"," 12.0"," 18.1","  33.8","*","  26.6","*"," 0.48","G","  2.0","111000"
"72505394728","2021-02-20","40.77898","-73.96925","42.7","NY CITY CENTRAL PARK, NY US","  31.4","24","  20.4","24","1018.3","22","013.1","24","  9.3","24","  5.5","24"," 13.0"," 20.0","  34.0","*","  27.0","*"," 0.11","G","  5.1","001000"
"72505394728","2021-02-21","40.77898","-73.96925","42.7","NY CITY CENTRAL PARK, NY US","  29.7","24","  12.9","24","1029.9","24","024.8","24"," 10.0","24","  5.8","23"," 12.0"," 20.0","  36.0","*","  24.1","*"," 0.00","G","  5.9","000000"
"72505394728","2021-02-22","40.77898","-73.96925","42.7","NY CITY CENTRAL PARK, NY US","  34.3","24","  22.2","24","1026.2","17","016.3","24","  7.7","24","  3.3","20","  7.0"," 18.1","  39.0"," ","  24.1"," "," 0.00","G","  5.1","111000"
"72505394728","2021-02-23","40.77898","-73.96925","42.7","NY CITY CENTRAL PARK, NY US","  38.8","24","  29.5","24","1005.3","21","000.5","24","  8.6","24","  4.5","21","  8.0"," 15.0","  45.0"," ","  32.0"," "," 0.52","G","  3.1","010000"
"72505394728","2021-02-24","40.77898","-73.96925","42.7","NY CITY CENTRAL PARK, NY US","  45.8","24","  28.5","24","1013.6","24","008.6","24"," 10.0","24","  6.4","22"," 11.1"," 18.1","  54.0"," ","  36.0"," "," 0.01","G","  3.1","000000"
"72505394728","2021-02-25","40.77898","-73.96925","42.7","NY CITY CENTRAL PARK, NY US","  46.0","24","  23.5","24","1014.8","24","009.9","24"," 10.0","24","  8.2","21"," 13.0"," 27.0","  54.0"," ","  39.0"," "," 0.00","G","  2.0","000000"
"72505394728","2021-02-26","40.77898","-73.96925","42.7","NY CITY CENTRAL PARK, NY US","  40.1","24","  15.2","24","1028.3","24","023.3","24"," 10.0","24","  3.5","23","  6.0","999.9","  50.0"," ","  33.1"," "," 0.00","G","999.9","000000"
"72505394728","2021-02-27","40.77898","-73.96925","42.7","NY CITY CENTRAL PARK, NY US","  43.0","24","  36.0","24","1025.3","16","018.4","24","  6.8","24","  4.5","23","  8.0"," 17.1","  50.0"," ","  33.1"," "," 0.06","G","999.9","010000"
"72505394728","2021-02-28","40.77898","-73.96925","42.7","NY CITY CENTRAL PARK, NY US","  43.7","24","  34.4","24","1023.6","23","018.5","24","  9.1","24","  4.1","24","  8.9"," 15.9","  50.0"," ","  37.9"," "," 0.33","G","999.9","010000"
"72505394728","2021-03-01","40.77898","-73.96925","42.7","NY CITY CENTRAL PARK, NY US","  43.4","24","  36.5","24","1007.6","17","002.5","24","  5.6","24","  5.9","24"," 13.0"," 26.0","  48.9"," ","  39.9"," "," 0.36","G","999.9","010000"
"72505394728","2021-03-02","40.77898","-73.96925","42.7","NY CITY CENTRAL PARK, NY US","  29.2","24","   2.6","24","1018.0","24","012.9","24"," 10.0","24"," 11.1","24"," 19.0"," 28.9","  48.9"," ","  21.0"," "," 0.02","G","999.9","000000"
"72505394728","2021-03-03","40.77898","-73.96925","42.7","NY CITY CENTRAL PARK, NY US","  39.4","24","  13.8","24","1013.7","24","008.8","24"," 10.0","24","  6.0","24"," 11.1"," 19.0","  52.0"," ","  21.0"," "," 0.00","G","999.9","000000"
"72505394728","2021-03-04","40.77898","-73.96925","42.7","NY CITY CENTRAL PARK, NY US","  41.8","24","  21.3","24","1009.8","24","004.9","24"," 10.0","24","  6.8","24"," 15.9"," 29.9","  52.0"," ","  32.0"," "," 0.00","G","999.9","000000"
"72505394728","2021-03-05","40.77898","-73.96925","42.7","NY CITY CENTRAL PARK, NY US","  29.7","24","   2.2","24","1011.5","24","006.5","24"," 10.0","24"," 11.1","23"," 15.9"," 29.9","  45.0"," ","  23.0"," "," 0.00","G","999.9","000000"
"72505394728","2021-03-06","40.77898","-73.96925","42.7","NY CITY CENTRAL PARK, NY US","  32.8","24","  10.5","24","1016.3","24","011.3","24"," 10.0","24","  8.4","24"," 15.9"," 22.0","  37.0"," ","  23.0"," "," 0.00","G","999.9","000000"
"72505394728","2021-03-07","40.77898","-73.96925","42.7","NY CITY CENTRAL PARK, NY US","  32.7","24","  10.8","24","1024.9","24","019.9","24"," 10.0","24","  5.9","21"," 12.0"," 18.1","  41.0"," ","  28.9"," "," 0.00","G","999.9","000000"
"72505394728","2021-03-08","40.77898","-73.96925","42.7","NY CITY CENTRAL PARK, NY US","  33.7","24","   8.6","24","1029.5","24","024.4","24"," 10.0","24","  4.2","22","  8.0"," 15.0","  43.0"," ","  26.1"," "," 0.00","G","999.9","000000"
"72505394728","2021-03-09","40.77898","-73.96925","42.7","NY CITY CENTRAL PARK, NY US","  50.2","24","  17.4","24","1026.5","24","021.5","24"," 10.0","24","  6.6","21"," 11.1"," 19.0","  63.0","*","  42.1","*"," 0.00","G","999.9","000000"
"72505394728","2021-03-10","40.77898","-73.96925","42.7","NY CITY CENTRAL PARK, NY US","  48.0","24","  29.0","24","1032.1","24","027.1","24"," 10.0","24","  5.3","24","  8.9"," 15.9","  64.0"," ","  41.0"," "," 0.00","G","999.9","000000"
"72505394728","2021-03-11","40.77898","-73.96925","42.7","NY CITY CENTRAL PARK, NY US","  53.7","24","  40.5","24","1024.3","17","020.7","24","  7.3","24","  2.6","23","  7.0","999.9","  71.1"," ","  41.0"," "," 0.00","G","999.9","100000"
"72505394728","2021-03-12","40.77898","-73.96925","42.7","NY CITY CENTRAL PARK, NY US","  63.1","24","  32.2","24","1017.7","23","012.9","24"," 10.0","24","  6.0","23","  9.9"," 20.0","  71.1"," ","  44.1"," "," 0.00","G","999.9","010000"
"72505394728","2021-03-13","40.77898","-73.96925","42.7","NY CITY CENTRAL PARK, NY US","  45.2","24","   9.7","24","1021.5","24","016.7","23"," 10.0","24","  7.4","24"," 15.9"," 28.0","  68.0"," ","  33.1"," "," 0.00","G","999.9","000000"
"72505394728","2021-03-14","40.77898","-73.96925","42.7","NY CITY CENTRAL PARK, NY US","  45.3","24","  13.2","24","1015.9","24","011.0","24"," 10.0","24","  8.0","20"," 15.9"," 32.1","  54.0"," ","  33.1"," "," 0.00","G","999.9","000000"
"72505394728","2021-03-15","40.77898","-73.96925","42.7","NY CITY CENTRAL PARK, NY US","  31.1","24","  -3.3","24","1024.5","24","019.4","23"," 10.0","24","  9.0","22"," 15.0"," 29.9","  37.9","*","  24.1","*"," 0.00","G","999.9","000000"
"72505394728","2021-03-16","40.77898","-73.96925","42.7","NY CITY CENTRAL PARK, NY US","  32.7","24","   5.4","24","1025.8","24","020.8","24"," 10.0","24","  3.7","23","  8.9"," 15.0","  39.0"," ","  24.1"," "," 0.00","G","999.9","010000"
"72505394728","2021-03-17","40.77898","-73.96925","42.7","NY CITY CENTRAL PARK, NY US","  39.5","24","  30.5","24","1021.7","22","016.8","24","  9.9","24","  3.0","23","  8.0","999.9","  46.9"," ","  28.9"," "," 0.00","G","999.9","000000"
"72505394728","2021-03-18","40.77898","-73.96925","42.7","NY CITY CENTRAL PARK, NY US","  45.3","24","  40.6","24","1015.9","19","010.5","24","  6.5","24","  3.7","24","  9.9"," 15.9","  46.9"," ","  34.0"," "," 0.00","G","999.9","010000"
"72505394728","2021-03-19","40.77898","-73.96925","42.7","NY CITY CENTRAL PARK, NY US","  38.5","24","  15.4","24","1018.6","23","012.5","22","  9.3","24"," 11.3","24"," 19.0"," 28.9","  46.9"," ","  30.9"," "," 0.67","G","999.9","011000"
"72505394728","2021-03-20","40.77898","-73.96925","42.7","NY CITY CENTRAL PARK, NY US","  43.6","24","  12.3","24","1032.6","24","027.6","24"," 10.0","24","  3.0","24","  7.0","999.9","  59.0"," ","  30.9"," "," 0.07","G","999.9","000000"
"72505394728","2021-03-21","40.77898","-73.96925","42.7","NY CITY CENTRAL PARK, NY US","  51.9","24","  20.7","24","1033.4","24","028.4","24"," 10.0","24","  2.5","23","  7.0","999.9","  63.0"," ","  33.1"," "," 0.00","G","999.9","000000"
"72505394728","2021-03-22","40.77898","-73.96925","42.7","NY CITY CENTRAL PARK, NY US","  50.6","24","  30.2","24","1029.8","24","024.9","24","  9.5","24","  2.9","23","  7.0","999.9","  63.0"," ","  42.1"," "," 0.00","G","999.9","000000"
"72505394728","2021-03-23","40.77898","-73.96925","42.7","NY CITY CENTRAL PARK, NY US","  52.0","24","  39.8","24","1025.7","24","020.8","24","  8.8","24","  4.1","23","  7.0","999.9","  66.0"," ","  42.1"," "," 0.00","G","999.9","000000"
"72505394728","2021-03-24","40.77898","-73.96925","42.7","NY CITY CENTRAL PARK, NY US","  51.6","24","  44.5","24","1022.6","18","017.1","24","  8.4","24","  4.1","24","  8.0","999.9","  66.0"," ","  43.0"," "," 0.00","G","999.9","110000"
"72505394728","2021-03-25","40.77898","-73.96925","42.7","NY CITY CENTRAL PARK, NY US","  55.6","24","  51.6","24","1017.2"," 9","012.6","24","  4.1","24","  4.1","24","  8.0"," 14.0","  68.0"," ","  46.9"," "," 1.27","G","999.9","010000"
"72505394728","2021-03-26","40.77898","-73.96925","42.7","NY CITY CENTRAL PARK, NY US","  62.6","24","  50.3","24","1008.0","17","003.9","24","  7.0","24","  5.3","21"," 15.9"," 32.1","  82.0"," ","  48.9"," "," 0.20","G","999.9","010000"
"72505394728","2021-03-27","40.77898","-73.96925","42.7","NY CITY CENTRAL PARK, NY US","  58.0","24","  37.7","24","1018.1","24","013.3","24"," 10.0","24","  6.6","22"," 14.0"," 28.0","  82.0"," ","  50.0"," "," 0.19","G","999.9","000000"
"72505394728","2021-03-28","40.77898","-73.96925","42.7","NY CITY CENTRAL PARK, NY US","  54.0","24","  47.9","24","1012.4","18","005.9","24","  6.9","24","  3.8","23"," 11.1"," 20.0","  69.1"," ","  48.0"," "," 0.00","G","999.9","110000"
"72505394728","2021-03-29","40.77898","-73.96925","42.7","NY CITY CENTRAL PARK, NY US","  50.9","24","  28.6","24","1011.6","23","005.3","24","  9.5","24"," 10.5","24"," 17.1"," 32.1","  60.1"," ","  45.0"," "," 0.76","G","999.9","010000"
"72505394728","2021-03-30","40.77898","-73.96925","42.7","NY CITY CENTRAL PARK, NY US","  50.6","24","  25.8","24","1027.3","24","022.4","24"," 10.0","24","  4.6","23","  9.9"," 19.0","  61.0"," ","  42.1"," "," 0.00","G","999.9","000000"
"72505394728","2021-03-31","40.77898","-73.96925","42.7","NY CITY CENTRAL PARK, NY US","  56.2","24","  47.8","24","1020.2","22","015.1","24","  9.2","24","  4.8","22","  8.0"," 17.1","  66.9"," ","  42.1"," "," 0.00","G","999.9","010000"
"72505394728","2021-04-01","40.77898","-73.96925","42.7","NY CITY CENTRAL PARK, NY US","  48.6","24","  37.4","24","1010.2","16","004.9","24","  8.3","24","  7.9","23"," 13.0"," 27.0","  66.9"," ","  41.0"," "," 0.36","G","999.9","110000"
"72505394728","2021-04-02","40.77898","-73.96925","42.7","NY CITY CENTRAL PARK, NY US","  35.1","24","  13.4","24","1019.9","24","014.9","24"," 10.0","24","  9.1","23"," 14.0"," 24.1","  57.9"," ","  28.0"," "," 0.02","G","999.9","000000"
"72505394728","2021-04-03","40.77898","-73.96925","42.7","NY CITY CENTRAL PARK, NY US","  40.3","24","   7.9","24","1026.1","22","021.1","21"," 10.0","23","  5.9","23","  8.9"," 17.1","  53.1","*","  32.0","*"," 0.00","G","999.9","000000"
"72505394728","2021-04-04","40.77898","-73.96925","42.7","NY CITY CENTRAL PARK, NY US","  52.4","24","  22.4","24","9999.9"," 0","999.9"," 0"," 10.0","24","  3.3","24","  8.9","999.9","  64.9"," ","  45.0"," "," 0.00","G","999.9","000000"
"72505394728","2021-04-05","40.77898","-73.96925","42.7","NY CITY CENTRAL PARK, NY US","  57.2","24","  22.1","24","1012.6"," 4","006.8"," 9"," 10.0","24","  6.9","20"," 12.0"," 25.1","  68.0","*","  48.0","*"," 0.00","G","999.9","000000"
"72505394728","2021-04-06","40.77898","-73.96925","42.7","NY CITY CENTRAL PARK, NY US","  57.6","24","  15.2","24","1013.5","15","008.8","24"," 10.0","24","  6.8"," 4","  9.9"," 15.9","  70.0"," ","  46.9"," "," 0.00","G","999.9","000000"
"72505394728","2021-04-07","40.77898","-73.96925","42.7","NY CITY CENTRAL PARK, NY US","  60.0","24","  30.0","24","1014.9","24","010.1","23"," 10.0","24","  2.5","23","  5.1","999.9","  72.0"," ","  46.9"," "," 0.00","G","999.9","000000"
"72505394728","2021-04-08","40.77898","-73.96925","42.7","NY CITY CENTRAL PARK, NY US","  57.6","24","  38.3","24","1018.7","24","013.8","24"," 10.0","24","  3.1","22","  8.0","999.9","  72.0"," ","  48.9"," "," 0.00","G","999.9","000000"
"72505394728","2021-04-09","40.77898","-73.96925","42.7","NY CITY CENTRAL PARK, NY US","  52.7","24","  43.4","24","1020.9","24","016.0","24","  9.9","24","  3.9","24","  8.9"," 17.1","  70.0"," ","  48.9"," "," 0.00","G","999.9","000000"
"72505394728","2021-04-10","40.77898","-73.96925","42.7","NY CITY CENTRAL PARK, NY US","  57.5","24","  48.5","24","1016.2","20","011.5","24","  9.7","24","  2.4","24","  7.0","999.9","  70.0"," ","  48.9"," "," 0.01","G","999.9","010000"
"72505394728","2021-04-11","40.77898","-73.96925","42.7","NY CITY CENTRAL PARK, NY US","  55.0","24","  52.6","24","1005.6","16","999.9","24","  3.5","24","  4.8","24"," 13.0"," 22.0","  70.0"," ","  50.0"," "," 0.01","G","999.9","110000"
"72505394728","2021-04-12","40.77898","-73.96925","42.7","NY CITY CENTRAL PARK, NY US","  47.6","24","  41.3","24","1007.2","18","002.3","24","  7.2","24","  8.0","24"," 14.0"," 27.0","  51.1","*","  44.6","*"," 0.43","G","999.9","010000"
"72505394728","2021-04-13","40.77898","-73.96925","42.7","NY CITY CENTRAL PARK, NY US","  52.4","24","  39.8","24","1016.4","19","011.0","24","  9.1","24","  4.3","24","  8.0","999.9","  64.9"," ","  44.1"," "," 0.54","G","999.9","010000"
"72505394728","2021-04-14","40.77898","-73.96925","42.7","NY CITY CENTRAL PARK, NY US","  58.4","24","  42.2","24","1016.3","24","011.5","24"," 10.0","24","  3.2","20","  8.0"," 15.9","  72.0"," ","  44.1"," "," 0.06","G","999.9","000000"
"72505394728","2021-04-15","40.77898","-73.96925","42.7","NY CITY CENTRAL PARK, NY US","  54.6","24","  48.9","24","1008.0","13","003.0","24","  6.9","24","  3.5","22","  8.9"," 15.0","  72.0"," ","  48.0"," "," 0.00","G","999.9","010000"
"72505394728","2021-04-16","40.77898","-73.96925","42.7","NY CITY CENTRAL PARK, NY US","  46.0","24","  36.8","24","1004.0","20","999.3","24","  9.5","24","  5.5","22"," 14.0"," 24.1","  57.9"," ","  41.0"," "," 0.84","G","999.9","010000"
"72505394728","2021-04-17","40.77898","-73.96925","42.7","NY CITY CENTRAL PARK, NY US","  48.6","24","  34.8","24","1007.5","20","002.4","24"," 10.0","24","  5.4","22","  9.9"," 17.1","  55.9"," ","  41.0"," "," 0.03","G","999.9","010000"
"72505394728","2021-04-18","40.77898","-73.96925","42.7","NY CITY CENTRAL PARK, NY US","  54.6","24","  35.4","24","1009.7","24","004.9","24"," 10.0","24","  2.9","24","  6.0","999.9","  64.0"," ","  43.0"," "," 0.00","G","999.9","000000"
"72505394728","2021-04-19","40.77898","-73.96925","42.7","NY CITY CENTRAL PARK, NY US","  58.9","24","  36.2","24","1010.4","24","005.6","24"," 10.0","24","  3.0","24","  8.9"," 17.1","  64.9"," ","  48.9"," "," 0.00","G","999.9","000000"
"72505394728","2021-04-20","40.77898","-73.96925","42.7","NY CITY CENTRAL PARK, NY US","  62.2","24","  40.3","24","1011.9","24","007.1","24"," 10.0","24","  2.7","19","  8.0"," 20.0","  75.9"," ","  52.0"," "," 0.00","G","999.9","000000"
"72505394728","2021-04-21","40.77898","-73.96925","42.7","NY CITY CENTRAL PARK, NY US","  58.5","24","  40.6","24","1006.7","23","001.6","24","  9.6","24","  4.7","23"," 12.0"," 28.9","  75.9"," ","  45.0"," "," 0.00","G","999.9","010000"
"72505394728","2021-04-22","40.77898","-73.96925","42.7","NY CITY CENTRAL PARK, NY US","  41.2","24","  17.5","24","1009.7","24","004.8","24"," 10.0","24"," 10.7","23"," 17.1"," 28.9","  46.9","*","  36.0","*"," 0.11","G","999.9","000000"
"72505394728","2021-04-23","40.77898","-73.96925","42.7","NY CITY CENTRAL PARK, NY US","  49.4","24","  19.2","24","1014.5","24","009.6","24"," 10.0","24","  7.5","23"," 12.0"," 22.0","  64.0"," ","  36.0"," "," 0.00","G","999.9","000000"
"72505394728","2021-04-24","40.77898","-73.96925","42.7","NY CITY CENTRAL PARK, NY US","  60.4","24","  27.2","24","1014.7","24","009.9","24"," 10.0","24","  3.7","22","  8.0"," 15.0","  72.0"," ","  39.0"," "," 0.00","G","999.9","000000"
"72505394728","2021-04-25","40.77898","-73.96925","42.7","NY CITY CENTRAL PARK, NY US","  56.1","24","  42.2","24","1007.6","21","002.7","24","  7.7","24","  3.9","23","  8.9","999.9","  72.0"," ","  48.9"," "," 0.47","G","999.9","010000"
"72505394728","2021-04-26","40.77898","-73.96925","42.7","NY CITY CENTRAL PARK, NY US","  52.0","24","  25.6","24","1014.2","24","009.3","24"," 10.0","24","  7.4","23"," 11.1"," 22.0","  63.0"," ","  41.0"," "," 0.12","G","999.9","000000"
"72505394728","2021-04-27","40.77898","-73.96925","42.7","NY CITY CENTRAL PARK, NY US","  54.4","24","  21.9","24","1017.9","24","013.0","24"," 10.0","24","  2.7","22","  8.0"," 15.0","  64.0"," ","  41.0"," "," 0.00","G","999.9","000000"
"72505394728","2021-04-28","40.77898","-73.96925","42.7","NY CITY CENTRAL PARK, NY US","  63.6","24","  45.5","24","1010.9","24","006.1","24","  9.8","24","  2.0","24","  5.1","999.9","  82.9"," ","  46.0"," "," 0.00","G","999.9","000000"
"72505394728","2021-04-29","40.77898","-73.96925","42.7","NY CITY CENTRAL PARK, NY US","  66.7","24","  57.2","24","1006.1","23","001.6","24","  8.2","24","  1.3","23","  8.0","999.9","  84.9"," ","  52.0"," "," 0.05","G","999.9","010000"
"72505394728","2021-04-30","40.77898","-73.96925","42.7","NY CITY CENTRAL PARK, NY US","  65.1","24","  46.0","24"," 997.3","22","992.6","24","  9.7","24","  9.2","24"," 15.9"," 29.9","  71.1","*","  55.0","*"," 0.02","G","999.9","010000"
"72505394728","2021-05-01","40.77898","-73.96925","42.7","NY CITY CENTRAL PARK, NY US","  52.0","24","  25.7","24","1009.5","24","004.7","24"," 10.0","24","  9.3","23"," 17.1"," 28.9","  71.1"," ","  42.1"," "," 0.03","G","999.9","000000"
"72505394728","2021-05-02","40.77898","-73.96925","42.7","NY CITY CENTRAL PARK, NY US","  66.0","24","  35.2","24","1007.8","24","003.0","24"," 10.0","24","  5.7","21","  8.9"," 19.0","  82.0"," ","  42.1"," "," 0.00","G","999.9","000000"
"72505394728","2021-05-03","40.77898","-73.96925","42.7","NY CITY CENTRAL PARK, NY US","  62.9","24","  48.3","24","1010.3","24","005.5","24"," 10.0","24","  5.2","24","  8.9","999.9","  82.0"," ","  55.9"," "," 0.00","G","999.9","010000"
"72505394728","2021-05-04","40.77898","-73.96925","42.7","NY CITY CENTRAL PARK, NY US","  58.8","24","  53.2","24","1007.1","15","002.2","24","  7.0","24","  3.8","22","  8.9"," 15.9","  72.0","*","  51.8","*"," 0.81","G","999.9","010000"
"72505394728","2021-05-05","40.77898","-73.96925","42.7","NY CITY CENTRAL PARK, NY US","  55.3","24","  51.9","24","1006.7","11","001.7","24","  5.6","24","  3.4","22"," 11.1"," 20.0","  73.0"," ","  52.0"," "," 0.23","G","999.9","010000"
"72505394728","2021-05-06","40.77898","-73.96925","42.7","NY CITY CENTRAL PARK, NY US","  57.0","24","  38.3","24","1012.1","24","007.1","24","  9.8","24","  5.9","22","  9.9"," 20.0","  66.0"," ","  50.0"," "," 0.31","G","999.9","010000"
"72505394728","2021-05-07","40.77898","-73.96925","42.7","NY CITY CENTRAL PARK, NY US","  57.7","24","  32.1","24","1012.8","24","008.0","24"," 10.0","24","  3.7","22","  7.0","999.9","  66.0"," ","  48.9"," "," 0.00","G","999.9","000000"
"72505394728","2021-05-08","40.77898","-73.96925","42.7","NY CITY CENTRAL PARK, NY US","  51.8","24","  40.0","24","1011.1","22","006.2","24"," 10.0","24","  2.9","22","  8.0"," 15.9","  66.0"," ","  48.9"," "," 0.00","G","999.9","010000"
"72505394728","2021-05-09","40.77898","-73.96925","42.7","NY CITY CENTRAL PARK, NY US","  51.9","24","  41.0","24","1016.3","22","011.2","24","  9.0","24","  3.3","23","  9.9"," 18.1","  64.9"," ","  46.0"," "," 0.05","G","999.9","010000"
"72505394728","2021-05-10","40.77898","-73.96925","42.7","NY CITY CENTRAL PARK, NY US","  52.1","24","  44.5","24","1011.0","15","006.2","24","  8.1","24","  4.9","24","  8.0","999.9","  64.9"," ","  46.0"," "," 0.50","G","999.9","010000"
"72505394728","2021-05-11","40.77898","-73.96925","42.7","NY CITY CENTRAL PARK, NY US","  56.8","24","  34.7","24","1016.3","24","011.4","24"," 10.0","24","  4.6","21","  8.9"," 19.0","  66.9"," ","  46.9"," "," 0.03","G","999.9","000000"
"72505394728","2021-05-12","40.77898","-73.96925","42.7","NY CITY CENTRAL PARK, NY US","  56.6","24","  30.4","24","1020.0","24","015.1","24"," 10.0","24","  6.9","20"," 11.1"," 19.0","  68.0"," ","  46.0"," "," 0.00","G","999.9","000000"
"72505394728","2021-05-13","40.77898","-73.96925","42.7","NY CITY CENTRAL PARK, NY US","  60.6","24","  30.6","24","1022.3","24","017.5","24"," 10.0","24","  2.5","24","  7.0","999.9","  72.0"," ","  46.0"," "," 0.00","G","999.9","000000"
"72505394728","2021-05-14","40.77898","-73.96925","42.7","NY CITY CENTRAL PARK, NY US","  63.8","24","  32.8","24","1022.5","24","017.7","24"," 10.0","24","  3.6","24","  8.0"," 18.1","  75.9"," ","  50.0"," "," 0.00","G","999.9","000000"
"72505394728","2021-05-15","40.77898","-73.96925","42.7","NY CITY CENTRAL PARK, NY US","  66.8","24","  34.3","24","1023.1","24","018.2","24"," 10.0","24","  3.4","23","  8.0","999.9","  79.0"," ","  52.0"," "," 0.00","G","999.9","000000"
"72505394728","2021-05-16","40.77898","-73.96925","42.7","NY CITY CENTRAL PARK, NY US","  66.7","24","  39.5","24","1023.8","24","018.9","24"," 10.0","24","  2.5","22","  7.0","999.9","  79.0"," ","  55.0"," "," 0.00","G","999.9","010000"
"72505394728","2021-05-17","40.77898","-73.96925","42.7","NY CITY CENTRAL PARK, NY US","  66.2","24","  43.2","24","1024.7","24","019.9","24"," 10.0","24","  2.1","24","  8.0","999.9","  78.1"," ","  55.9"," "," 0.01","G","999.9","000000"
"72505394728","2021-05-18","40.77898","-73.96925","42.7","NY CITY CENTRAL PARK, NY US","  70.4","24","  42.9","24","1025.3","24","020.4","24"," 10.0","24","  4.4","24","  7.0"," 15.0","  82.0"," ","  55.9"," "," 0.00","G","999.9","000000"
"72505394728","2021-05-19","40.77898","-73.96925","42.7","NY CITY CENTRAL PARK, NY US","  75.4","24","  45.3","24","1024.9","24","020.1","23"," 10.0","24","  4.5","22","  6.0","999.9","  86.0"," ","  60.1"," "," 0.00","G","999.9","000000"
"72505394728","2021-05-20","40.77898","-73.96925","42.7","NY CITY CENTRAL PARK, NY US","  68.3","24","  39.5","24","1030.2","24","025.3","24"," 10.0","24","  2.6","21","  6.0","999.9","  86.0"," ","  62.1"," "," 0.00","G","999.9","000000"
"72505394728","2021-05-21","40.77898","-73.96925","42.7","NY CITY CENTRAL PARK, NY US","  66.8","24","  44.7","24","1032.0","24","027.1","24"," 10.0","24","  1.5","22","  5.1","999.9","  79.0"," ","  57.9"," "," 0.00","G","999.9","000000"
"72505394728","2021-05-22","40.77898","-73.96925","42.7","NY CITY CENTRAL PARK, NY US","  75.8","24","  54.4","24","1023.0","24","018.1","24"," 10.0","24","  2.2","24"," 11.1"," 17.1","  89.1"," ","  57.9"," "," 0.00","G","999.9","000000"
"72505394728","2021-05-23","40.77898","-73.96925","42.7","NY CITY CENTRAL PARK, NY US","  80.0","24","  59.0","24","1013.9","24","009.2","24"," 10.0","24","  5.5","24"," 11.1"," 21.0","  89.1"," ","  64.9"," "," 0.00","G","999.9","000000"
"72505394728","2021-05-24","40.77898","-73.96925","42.7","NY CITY CENTRAL PARK, NY US","  65.2","24","  45.4","24","1023.1","24","018.2","24"," 10.0","24","  6.0","22"," 13.0"," 24.1","  88.0"," ","  59.0"," "," 0.00","G","999.9","000000"
"72505394728","2021-05-25","40.77898","-73.96925","42.7","NY CITY CENTRAL PARK, NY US","  64.0","24","  47.0","24","1024.2","23","019.3","24","  9.9","24","  4.1","21","  8.0","999.9","  73.0"," ","  57.9"," "," 0.00","G","999.9","000000"
"72505394728","2021-05-26","40.77898","-73.96925","42.7","NY CITY CENTRAL PARK, NY US","  72.8","24","  62.0","24","1016.5","21","011.9","24","  9.0","24","  3.5","18","  8.9"," 15.0","  86.0"," ","  57.9"," "," 0.00","G","999.9","010000"
"72505394728","2021-05-27","40.77898","-73.96925","42.7","NY CITY CENTRAL PARK, NY US","  73.1","24","  57.0","24","1013.2","23","008.4","24","  9.4","24","  3.9","22"," 11.1"," 17.1","  86.0"," ","  64.9"," "," 0.09","G","999.9","010000"
"72505394728","2021-05-28","40.77898","-73.96925","42.7","NY CITY CENTRAL PARK, NY US","  62.3","24","  42.4","24","1017.0","22","011.9","24","  9.2","24","  7.2","24"," 13.0"," 20.0","  81.0"," ","  50.0"," "," 0.02","G","999.9","010000"
"72505394728","2021-05-29","40.77898","-73.96925","42.7","NY CITY CENTRAL PARK, NY US","  49.1","24","  45.9","24","1015.4","17","010.0","24","  6.9","24"," 10.4","24"," 17.1"," 29.9","  51.8","*","  46.4","*"," 1.41","G","999.9","010000"
"72505394728","2021-05-30","40.77898","-73.96925","42.7","NY CITY CENTRAL PARK, NY US","  49.2","24","  45.0","24","1020.9","14","015.9","24","  6.5","24","  8.0","24"," 14.0"," 21.0","  51.8","*","  46.4","*"," 0.40","G","999.9","010000"
"72505394728","2021-05-31","40.77898","-73.96925","42.7","NY CITY CENTRAL PARK, NY US","  55.1","24","  47.2","24","1022.0","17","016.8","24","  8.7","24","  4.7","24","  8.9"," 15.0","  70.0"," ","  46.9"," "," 0.78","G","999.9","010000"
"72505394728","2021-06-01","40.77898","-73.96925","42.7","NY CITY CENTRAL PARK, NY US","  64.8","24","  50.3","24","1023.9","24","019.0","24"," 10.0","24","  0.9","23","  4.1","999.9","  75.9"," ","  48.9"," "," 0.02","G","999.9","000000"
"72505394728","2021-06-02","40.77898","-73.96925","42.7","NY CITY CENTRAL PARK, NY US","  67.7","24","  53.5","24","1023.3","24","018.5","23"," 10.0","24","  2.5","23","  5.1","999.9","  75.9"," ","  57.0"," "," 0.00","G","999.9","000000"
"72505394728","2021-06-03","40.77898","-73.96925","42.7","NY CITY CENTRAL PARK, NY US","  65.5","24","  59.2","24","1018.3","20","013.5","24","  7.5","24","  1.0","23","  4.1","999.9","  75.0"," ","  60.1"," "," 0.00","G","999.9","110000"
"72505394728","2021-06-04","40.77898","-73.96925","42.7","NY CITY CENTRAL PARK, NY US","  70.2","24","  66.0","24","1012.6","17","008.1","24","  7.4","24","  2.5","24"," 13.0"," 24.1","  78.1"," ","  60.1"," "," 0.38","G","999.9","110000"
"72505394728","2021-06-05","40.77898","-73.96925","42.7","NY CITY CENTRAL PARK, NY US","  74.8","24","  62.8","24","1013.0","24","008.2","24","  9.9","24","  4.1","22","  9.9"," 19.0","  89.1"," ","  63.0"," "," 0.39","G","999.9","000000"
"72505394728","2021-06-06","40.77898","-73.96925","42.7","NY CITY CENTRAL PARK, NY US","  83.5","24","  62.2","24","1015.9","24","011.2","24"," 10.0","24","  2.7","22","  7.0"," 14.0","  91.9"," ","  66.0"," "," 0.00","G","999.9","000000"
"72505394728","2021-06-07","40.77898","-73.96925","42.7","NY CITY CENTRAL PARK, NY US","  81.5","23","  68.0","23","1017.9","22","013.2","23","  9.0","23","  2.6","22","  6.0","999.9","  91.9"," ","  75.9"," "," 0.00","G","999.9","010000"
"72505394728","2021-06-08","40.77898","-73.96925","42.7","NY CITY CENTRAL PARK, NY US","  80.6","24","  70.4","24","1017.0","22","012.2","24","  9.0","24","  2.6","23"," 11.1"," 20.0","  91.0"," ","  72.0"," "," 0.07","G","999.9","010000"
"72505394728","2021-06-09","40.77898","-73.96925","42.7","NY CITY CENTRAL PARK, NY US","  78.7","24","  69.6","24","1015.1","24","010.5","24","  9.0","24","  2.4","24","  7.0","999.9","  90.0"," ","  72.0"," "," 0.48","G","999.9","010000"
"72505394728","2021-06-10","40.77898","-73.96925","42.7","NY CITY CENTRAL PARK, NY US","  78.2","24","  58.2","24","1015.6","24","010.9","24"," 10.0","24","  4.9","22","  9.9"," 21.0","  90.0"," ","  72.0"," "," 0.01","G","999.9","000000"
"72505394728","2021-06-11","40.77898","-73.96925","42.7","NY CITY CENTRAL PARK, NY US","  65.8","24","  50.9","24","1016.1","24","011.3","24"," 10.0","24","  4.6","22","  8.0","999.9","  84.0"," ","  62.1"," "," 0.00","G","999.9","000000"
"72505394728","2021-06-12","40.77898","-73.96925","42.7","NY CITY CENTRAL PARK, NY US","  66.2","24","  57.1","24","1011.3","22","006.6","24"," 10.0","24","  4.2","24","  8.9","999.9","  69.1"," ","  62.1"," "," 0.00","G","999.9","000000"
"72505394728","2021-06-13","40.77898","-73.96925","42.7","NY CITY CENTRAL PARK, NY US","  66.8","24","  55.6","24","1012.9","24","008.1","24"," 10.0","24","  1.9","23","  5.1","999.9","  75.9"," ","  62.1"," "," 0.00","G","999.9","010000"
"72505394728","2021-06-14","40.77898","-73.96925","42.7","NY CITY CENTRAL PARK, NY US","  67.9","24","  60.1","24","1010.8","20","006.0","24","  8.5","20","  2.0","23","  6.0","999.9","  75.9"," ","  62.1"," "," 0.14","G","999.9","010000"
"72505394728","2021-06-15","40.77898","-73.96925","42.7","NY CITY CENTRAL PARK, NY US","  71.9","24","  60.6","24","1007.3","21","002.5","24","999.9"," 0","  3.1","24","  8.0"," 15.9","  80.1"," ","  64.0"," "," 0.09","G","999.9","010000"
"72505394728","2021-06-16","40.77898","-73.96925","42.7","NY CITY CENTRAL PARK, NY US","  69.5","24","  47.7","24","1009.9","24","005.2","24","999.9"," 0","  3.8","23","  8.0"," 17.1","  80.1"," ","  62.1"," "," 0.00","G","999.9","000000"
"72505394728","2021-06-17","40.77898","-73.96925","42.7","NY CITY CENTRAL PARK, NY US","  68.9","24","  38.5","24","1014.6","24","009.7","24"," 10.0"," 5","  3.8","23","  8.0","999.9","  78.1"," ","  57.0"," "," 0.00","G","999.9","000000"
"72505394728","2021-06-18","40.77898","-73.96925","42.7","NY CITY CENTRAL PARK, NY US","  73.7","24","  45.9","24","1015.3","24","010.5","24"," 10.0","24","  3.6","23","  8.0"," 15.9","  84.0"," ","  57.0"," "," 0.00","G","999.9","000000"
"72505394728","2021-06-19","40.77898","-73.96925","42.7","NY CITY CENTRAL PARK, NY US","  75.8","24","  61.2","24","1008.7","24","004.0","24","  9.9","24","  4.4","23","  7.0"," 14.0","  88.0"," ","  63.0"," "," 0.14","G","999.9","010000"
"72505394728","2021-06-20","40.77898","-73.96925","42.7","NY CITY CENTRAL PARK, NY US","  75.4","24","  62.4","24","1009.1","24","004.4","24"," 10.0","24","  2.5","23","  6.0","999.9","  88.0"," ","  64.9"," "," 0.00","H","999.9","010000"
"72505394728","2021-06-21","40.77898","-73.96925","42.7","NY CITY CENTRAL PARK, NY US","  80.0","24","  69.8","24","1006.1","24","001.4","24","  9.8","24","  2.5","23","  6.0","999.9","  86.0"," ","  66.0"," "," 0.00","G","999.9","000000"
"72505394728","2021-06-22","40.77898","-73.96925","42.7","NY CITY CENTRAL PARK, NY US","  72.1","24","  64.3","24","1004.9","21","000.5","24","  9.0","24","  4.2","22","  8.9"," 19.0","  86.0"," ","  62.1"," "," 0.01","G","999.9","010000"
"72505394728","2021-06-23","40.77898","-73.96925","42.7","NY CITY CENTRAL PARK, NY US","  64.9","24","  45.8","24","1019.2","24","014.4","24"," 10.0","24","  4.3","23","  8.9"," 15.0","  78.1"," ","  55.0"," "," 0.24","G","999.9","000000"
"72505394728","2021-06-24","40.77898","-73.96925","42.7","NY CITY CENTRAL PARK, NY US","  68.6","24","  50.8","24","1027.3","24","022.4","24"," 10.0","24","  2.8","22","  6.0","999.9","  77.0"," ","  55.0"," "," 0.00","G","999.9","000000"
"72505394728","2021-06-25","40.77898","-73.96925","42.7","NY CITY CENTRAL PARK, NY US","  69.4","24","  55.2","24","1025.8","23","021.0","24"," 10.0","24","  2.6","21","  8.0","999.9","  81.0"," ","  61.0"," "," 0.00","G","999.9","000000"
"72505394728","2021-06-26","40.77898","-73.96925","42.7","NY CITY CENTRAL PARK, NY US","  74.7","24","  67.5","24","1023.4","17","018.7","24","  9.5","24","  2.4","20","  6.0","999.9","  82.9"," ","  64.0"," "," 0.00","G","999.9","010000"
"72505394728","2021-06-27","40.77898","-73.96925","42.7","NY CITY CENTRAL PARK, NY US","  79.5","24","  69.9","24","1021.3","22","016.7","24"," 10.0","24","  3.8","18","  8.0","999.9","  90.0"," ","  68.0"," "," 0.04","G","999.9","000000"
"72505394728","2021-06-28","40.77898","-73.96925","42.7","NY CITY CENTRAL PARK, NY US","  83.2","24","  70.3","24","1021.9","24","017.2","24"," 10.0","24","  4.1","18","  8.0"," 15.0","  91.9"," ","  73.0"," "," 0.00","G","999.9","000000"
"72505394728","2021-06-29","40.77898","-73.96925","42.7","NY CITY CENTRAL PARK, NY US","  86.0","24","  70.7","24","1021.6","24","016.9","24"," 10.0","24","  4.2","23","  8.0","999.9","  95.0"," ","  75.9"," "," 0.00","G","999.9","000000"
"72505394728","2021-06-30","40.77898","-73.96925","42.7","NY CITY CENTRAL PARK, NY US","  88.3","24","  69.4","24","1015.9","24","013.6","13"," 10.0","24","  4.3","21","  9.9"," 18.1","  98.1"," ","  78.1"," "," 0.00","G","999.9","000000"
"72505394728","2021-07-01","40.77898","-73.96925","42.7","NY CITY CENTRAL PARK, NY US","  76.0","24","  70.5","24","1011.6","18","006.7","24","  6.5","24","  2.1","23"," 11.1"," 18.1","  98.1"," ","  72.0"," "," 0.65","G","999.9","110000"
"72505394728","2021-07-02","40.77898","-73.96925","42.7","NY CITY CENTRAL PARK, NY US","  72.7","24","  68.4","24","1006.7","14","002.2","24","  6.8","24","  1.9","23","  6.0","999.9","  84.0"," ","  69.1"," "," 1.00","G","999.9","110000"
"72505394728","2021-07-03","40.77898","-73.96925","42.7","NY CITY CENTRAL PARK, NY US","  63.6","24","  59.4","24","1008.7","17","003.6","24","  8.1","24","  6.3","24"," 12.0"," 22.0","  79.0"," ","  59.0"," "," 0.88","G","999.9","010000"
"72505394728","2021-07-04","40.77898","-73.96925","42.7","NY CITY CENTRAL PARK, NY US","  67.5","24","  58.7","24","1011.7","18","006.7","24","  9.6","24","  2.4","22","  6.0","999.9","  79.0"," ","  59.0"," "," 0.03","G","999.9","010000"
"72505394728","2021-07-05","40.77898","-73.96925","42.7","NY CITY CENTRAL PARK, NY US","  74.0","24","  64.8","24","1016.4","21","011.6","24","  5.9","24","  2.5","22","  7.0","999.9","  82.9"," ","  60.1"," "," 0.00","G","999.9","000000"
"72505394728","2021-07-06","40.77898","-73.96925","42.7","NY CITY CENTRAL PARK, NY US","  80.1","24","  66.9","24","1014.9","23","010.2","24","  8.9","24","  5.6","23"," 12.0"," 28.9","  91.9"," ","  66.9"," "," 0.00","G","999.9","010000"
"72505394728","2021-07-07","40.77898","-73.96925","42.7","NY CITY CENTRAL PARK, NY US","  79.8","24","  70.0","24","1013.9","22","009.3","24","  6.8","24","  2.4","24","  6.0","999.9","  91.9"," ","  71.1"," "," 0.55","G","999.9","010000"
"72505394728","2021-07-08","40.77898","-73.96925","42.7","NY CITY CENTRAL PARK, NY US","  78.9","24","  70.0","24","1014.1","18","009.5","24","  6.7","24","  4.2","24"," 11.1"," 21.0","  91.0"," ","  71.1"," "," 0.00","G","999.9","110000"
"72505394728","2021-07-09","40.77898","-73.96925","42.7","NY CITY CENTRAL PARK, NY US","  75.4","24","  70.1","24","1010.2","17","005.6","24","  5.4","24","  3.6","24","  9.9"," 18.1","  84.9"," ","  70.0"," "," 3.83","G","999.9","010000"
"72505394728","2021-07-10","40.77898","-73.96925","42.7","NY CITY CENTRAL PARK, NY US","  73.1","24","  67.3","24","1013.8","21","009.0","24","  8.8","24","  2.7","23"," 12.0"," 22.9","  84.9"," ","  68.0"," "," 0.50","G","999.9","010000"
"72505394728","2021-07-11","40.77898","-73.96925","42.7","NY CITY CENTRAL PARK, NY US","  72.6","24","  68.6","24","1018.6","16","013.7","24","  5.8","24","  1.7","23","  6.0","999.9","  81.0"," ","  68.0"," "," 0.27","G","999.9","010000"
"72505394728","2021-07-12","40.77898","-73.96925","42.7","NY CITY CENTRAL PARK, NY US","  77.3","24","  72.1","24","1018.7","18","013.8","24","  6.3","24","  3.0","24"," 11.1"," 17.1","  86.0"," ","  70.0"," "," 1.43","G","999.9","110000"
"72505394728","2021-07-13","40.77898","-73.96925","42.7","NY CITY CENTRAL PARK, NY US","  71.1","24","  67.5","24","1023.2","19","018.3","24","  7.1","24","  6.1","24"," 11.1"," 15.9","  86.0"," ","  69.1"," "," 1.42","G","999.9","000000"
"72505394728","2021-07-14","40.77898","-73.96925","42.7","NY CITY CENTRAL PARK, NY US","  75.2","24","  69.2","24","1021.0","19","016.4","24","  6.5","24","  3.2","24","  6.0"," 18.1","  87.1"," ","  69.1"," "," 0.00","G","999.9","010000"
"72505394728","2021-07-15","40.77898","-73.96925","42.7","NY CITY CENTRAL PARK, NY US","  80.8","24","  68.3","24","1018.6","24","013.9","24"," 10.0","24","  1.9","23","  5.1","999.9","  89.1"," ","  69.1"," "," 0.00","G","999.9","000000"
"72505394728","2021-07-16","40.77898","-73.96925","42.7","NY CITY CENTRAL PARK, NY US","  84.0","24","  70.4","24","1015.6","24","010.9","24"," 10.0","24","  2.9","24","  7.0","999.9","  91.0"," ","  73.9"," "," 0.00","G","999.9","000000"
"72505394728","2021-07-17","40.77898","-73.96925","42.7","NY CITY CENTRAL PARK, NY US","  81.7","24","  70.7","24","1016.5","21","011.7","24","  8.4","24","  1.4","24","  6.0","999.9","  91.0"," ","  75.0"," "," 0.00","G","999.9","010000"
"72505394728","2021-07-18","40.77898","-73.96925","42.7","NY CITY CENTRAL PARK, NY US","  76.5","24","  69.9","24","1014.2","17","009.8","24","  8.1","24","  3.9","24","  9.9"," 15.9","  91.0"," ","  72.0"," "," 0.65","G","999.9","010000"
"72505394728","2021-07-19","40.77898","-73.96925","42.7","NY CITY CENTRAL PARK, NY US","  74.7","24","  64.6","24","1014.3","19","009.6","24"," 10.0","24","  4.1","23","  8.9","999.9","  84.0"," ","  71.1"," "," 0.03","G","999.9","010000"
"72505394728","2021-07-20","40.77898","-73.96925","42.7","NY CITY CENTRAL PARK, NY US","  78.6","24","  66.0","24","1013.0","22","008.2","24","  5.5","24","  2.3","24","  5.1","999.9","  86.0"," ","  71.1"," "," 0.01","G","999.9","000000"
"72505394728","2021-07-21","40.77898","-73.96925","42.7","NY CITY CENTRAL PARK, NY US","  77.5","24","  65.3","24","1011.3","23","006.6","24","  5.3","24","  1.9","24","  6.0","999.9","  86.0"," ","  70.0"," "," 0.00","G","999.9","010000"
"72505394728","2021-07-22","40.77898","-73.96925","42.7","NY CITY CENTRAL PARK, NY US","  74.0","24","  57.2","24","1016.9","24","012.2","23"," 10.0","24","  2.8","22","  7.0","999.9","  81.0"," ","  66.9"," "," 0.05","G","999.9","000000"
"72505394728","2021-07-23","40.77898","-73.96925","42.7","NY CITY CENTRAL PARK, NY US","  73.6","24","  54.7","24","1019.5","24","014.8","24","  9.6","24","  2.6","23","  7.0","999.9","  82.9"," ","  66.9"," "," 0.00","G","999.9","010000"
"72505394728","2021-07-24","40.77898","-73.96925","42.7","NY CITY CENTRAL PARK, NY US","  74.5","24","  58.3","24","1019.0","23","014.2","24"," 10.0","24","  2.0","23","  5.1","999.9","  84.0"," ","  66.9"," "," 0.01","G","999.9","000000"
"72505394728","2021-07-25","40.77898","-73.96925","42.7","NY CITY CENTRAL PARK, NY US","  74.9","24","  66.0","24","1013.8","22","009.1","24","  7.7","24","  1.8","23","  6.0","999.9","  84.0"," ","  66.0"," "," 0.00","G","999.9","010000"
"72505394728","2021-07-26","40.77898","-73.96925","42.7","NY CITY CENTRAL PARK, NY US","  80.0","24","  67.1","24","1011.7","21","007.2","24","  6.1","24","  2.2","22","  7.0","999.9","  88.0"," ","  66.0"," "," 0.78","G","999.9","110000"
"72505394728","2021-07-27","40.77898","-73.96925","42.7","NY CITY CENTRAL PARK, NY US","  81.4","24","  60.8","24","1013.4","24","008.7","24","  6.9","24","  2.4","24","  6.0"," 15.9","  89.1"," ","  72.0"," "," 0.00","I","999.9","000000"
"72505394728","2021-07-28","40.77898","-73.96925","42.7","NY CITY CENTRAL PARK, NY US","  74.8","24","  62.2","24","1015.0","22","010.2","24","  8.9","24","  3.9","22"," 12.0","999.9","  89.1"," ","  69.1"," "," 0.14","G","999.9","010000"
"72505394728","2021-07-29","40.77898","-73.96925","42.7","NY CITY CENTRAL PARK, NY US","  73.3","24","  66.0","24","1015.0","15","009.7","24","  8.7","24","  2.7","23","  8.9"," 24.1","  81.0"," ","  69.1"," "," 0.43","A","999.9","010000"
"72505394728","2021-07-30","40.77898","-73.96925","42.7","NY CITY CENTRAL PARK, NY US","  74.5","24","  61.3","24","1008.1","23","003.3","24","  7.9","24","  6.2","22"," 13.0"," 21.0","  82.0"," ","  69.1"," "," 0.04","A","999.9","010000"
"72505394728","2021-07-31","40.77898","-73.96925","42.7","NY CITY CENTRAL PARK, NY US","  69.0","24","  48.9","24","1014.8","24","010.0","24"," 10.0","24","  3.4","23","  9.9"," 17.1","  82.0"," ","  60.1"," "," 0.00","G","999.9","000000"
"72505394728","2021-08-01","40.77898","-73.96925","42.7","NY CITY CENTRAL PARK, NY US","  71.3","24","  58.6","24","1012.7","24","007.9","24"," 10.0","24","  1.8","21","  6.0","999.9","  77.0"," ","  60.1"," "," 0.00","G","999.9","000000"
"72505394728","2021-08-02","40.77898","-73.96925","42.7","NY CITY CENTRAL PARK, NY US","  70.5","24","  58.0","24","1013.3","21","008.2","24","  9.7","24","  3.6","23","  7.0"," 15.9","  80.1"," ","  63.0"," "," 0.04","G","999.9","010000"
"72505394728","2021-08-03","40.77898","-73.96925","42.7","NY CITY CENTRAL PARK, NY US","  72.0","24","  53.1","24","1019.2","24","014.4","24"," 10.0","24","  1.9","24","  5.1","999.9","  80.1"," ","  63.0"," "," 0.00","G","999.9","000000"
"72505394728","2021-08-04","40.77898","-73.96925","42.7","NY CITY CENTRAL PARK, NY US","  71.9","24","  58.6","24","1019.7","24","014.9","24"," 10.0","24","  3.0","24","  8.9","999.9","  79.0"," ","  64.9"," "," 0.00","G","999.9","000000"
"72505394728","2021-08-05","40.77898","-73.96925","42.7","NY CITY CENTRAL PARK, NY US","  73.1","24","  61.2","24","1018.7","22","013.9","23"," 10.0","24","  4.3","24","  8.9","999.9","  81.0"," ","  66.9"," "," 0.00","G","999.9","000000"
"72505394728","2021-08-06","40.77898","-73.96925","42.7","NY CITY CENTRAL PARK, NY US","  77.4","24","  63.7","24","1020.2","24","015.5","24"," 10.0","24","  2.5","24","  6.0","999.9","  88.0"," ","  69.1"," "," 0.00","G","999.9","000000"
"72505394728","2021-08-07","40.77898","-73.96925","42.7","NY CITY CENTRAL PARK, NY US","  78.6","24","  62.8","24","1018.3","24","013.6","24"," 10.0","24","  3.9","22","  8.0","999.9","  88.0"," ","  70.0"," "," 0.00","G","999.9","000000"
"72505394728","2021-08-08","40.77898","-73.96925","42.7","NY CITY CENTRAL PARK, NY US","  72.4","24","  63.4","24","1018.0","20","013.4","24","  8.2","24","  5.6","24"," 14.0"," 20.0","  87.1"," ","  66.0"," "," 0.11","G","999.9","010000"
"72505394728","2021-08-09","40.77898","-73.96925","42.7","NY CITY CENTRAL PARK, NY US","  72.6","24","  66.7","24","1019.9","20","014.9","24","  8.3","24","  5.1","24","  9.9"," 15.0","  81.0"," ","  66.0"," "," 0.10","G","999.9","010000"
"72505394728","2021-08-10","40.77898","-73.96925","42.7","NY CITY CENTRAL PARK, NY US","  76.6","24","  69.3","24","1020.2","17","015.5","24","  9.3","24","  1.7","22","  9.9"," 24.1","  84.0"," ","  69.1"," "," 0.00","G","999.9","110000"
"72505394728","2021-08-11","40.77898","-73.96925","42.7","NY CITY CENTRAL PARK, NY US","  79.2","24","  72.3","24","1016.4","23","011.8","24","  8.3","24","  2.5","24","  7.0","999.9","  89.1"," ","  71.1"," "," 0.83","G","999.9","010000"
"72505394728","2021-08-12","40.77898","-73.96925","42.7","NY CITY CENTRAL PARK, NY US","  80.9","24","  70.3","24","1015.4","22","010.7","24","  9.3","24","  3.5","23","  7.0"," 20.0","  93.0"," ","  73.0"," "," 0.18","G","999.9","010000"
"72505394728","2021-08-13","40.77898","-73.96925","42.7","NY CITY CENTRAL PARK, NY US","  85.3","24","  69.0","24","1016.2","24","011.4","24"," 10.0","24","  2.0","24","  7.0","999.9","  93.9"," ","  73.9"," "," 0.00","G","999.9","000000"
"72505394728","2021-08-14","40.77898","-73.96925","42.7","NY CITY CENTRAL PARK, NY US","  84.1","24","  68.0","24","1017.0","24","012.3","24"," 10.0","24","  2.7","21","  6.0","999.9","  93.9"," ","  78.1"," "," 0.00","G","999.9","000000"
"72505394728","2021-08-15","40.77898","-73.96925","42.7","NY CITY CENTRAL PARK, NY US","  76.8","24","  55.9","24","1021.6","23","016.8","24"," 10.0","24","  4.0","23","  8.9"," 15.0","  88.0"," ","  70.0"," "," 0.00","G","999.9","000000"
"72505394728","2021-08-16","40.77898","-73.96925","42.7","NY CITY CENTRAL PARK, NY US","  74.5","24","  58.8","24","1022.5","24","017.7","24"," 10.0","24","  2.2","24","  6.0","999.9","  82.9"," ","  69.1"," "," 0.00","G","999.9","000000"
"72505394728","2021-08-17","40.77898","-73.96925","42.7","NY CITY CENTRAL PARK, NY US","  75.5","24","  64.8","24","1022.4","24","017.6","24"," 10.0","24","  2.0","22","  6.0","999.9","  82.9"," ","  69.1"," "," 0.00","G","999.9","000000"
"72505394728","2021-08-18","40.77898","-73.96925","42.7","NY CITY CENTRAL PARK, NY US","  77.3","24","  70.4","24","1022.2","18","017.5","24"," 10.0","24","  1.8","23","  7.0","999.9","  82.9"," ","  73.0"," "," 0.00","G","999.9","000000"
"72505394728","2021-08-19","40.77898","-73.96925","42.7","NY CITY CENTRAL PARK, NY US","  79.5","24","  72.1","24","1014.3","20","009.5","24","  9.3","24","  3.7","20","  9.9"," 19.0","  84.9"," ","  73.9"," "," 0.20","G","999.9","010000"
"72505394728","2021-08-20","40.77898","-73.96925","42.7","NY CITY CENTRAL PARK, NY US","  78.4","24","  67.4","24","1012.2","24","007.4","24"," 10.0","24","  2.8","24","  6.0","999.9","  84.9"," ","  75.0"," "," 0.00","B","999.9","000000"
"72505394728","2021-08-21","40.77898","-73.96925","42.7","NY CITY CENTRAL PARK, NY US","  77.8","24","  70.1","24","1012.8","19","008.0","24"," 10.0","24","  1.4","23","  7.0","999.9","  82.0"," ","  73.0"," "," 0.00","G","999.9","010000"
"72505394728","2021-08-22","40.77898","-73.96925","42.7","NY CITY CENTRAL PARK, NY US","  74.0","24","  71.7","24","1009.9","10","005.6","24","  3.3","24","  4.2","23","  9.9"," 17.1","  82.0"," ","  70.0"," "," 4.47","G","999.9","110000"
"72505394728","2021-08-23","40.77898","-73.96925","42.7","NY CITY CENTRAL PARK, NY US","  74.4","24","  70.2","24","1007.7","16","002.8","24","  5.8","24","  4.6","22","  8.0"," 15.0","  82.9"," ","  70.0"," "," 3.58","G","999.9","110000"
"72505394728","2021-08-24","40.77898","-73.96925","42.7","NY CITY CENTRAL PARK, NY US","  79.8","24","  66.6","24","1012.4","24","007.8","24"," 10.0","24","  2.6","22","  6.0","999.9","  89.1"," ","  71.1"," "," 0.14","G","999.9","000000"
"72505394728","2021-08-25","40.77898","-73.96925","42.7","NY CITY CENTRAL PARK, NY US","  81.8","24","  65.2","24","1018.1","24","013.4","24"," 10.0","24","  1.5","24","  4.1","999.9","  91.0"," ","  72.0"," "," 0.00","G","999.9","000000"
"72505394728","2021-08-26","40.77898","-73.96925","42.7","NY CITY CENTRAL PARK, NY US","  83.9","24","  69.5","24","1019.0","24","014.2","24","  8.9","24","  2.1","23","  7.0","999.9","  91.0"," ","  72.0"," "," 0.00","G","999.9","000000"
"72505394728","2021-08-27","40.77898","-73.96925","42.7","NY CITY CENTRAL PARK, NY US","  82.3","24","  71.8","24","1018.2","23","013.5","24","  8.7","24","  2.6","24"," 13.0"," 20.0","  93.0"," ","  75.0"," "," 0.00","G","999.9","110000"
"72505394728","2021-08-28","40.77898","-73.96925","42.7","NY CITY CENTRAL PARK, NY US","  74.9","24","  66.2","24","1022.6","17","017.7","24","  9.9","24","  5.3","23"," 14.0"," 22.9","  93.0"," ","  68.0"," "," 0.67","G","999.9","010000"
"72505394728","2021-08-29","40.77898","-73.96925","42.7","NY CITY CENTRAL PARK, NY US","  71.0","24","  62.4","24","1023.0","23","018.2","24"," 10.0","24","  3.4","24","  8.0","999.9","  80.1"," ","  66.9"," "," 0.00","G","999.9","000000"
"72505394728","2021-08-30","40.77898","-73.96925","42.7","NY CITY CENTRAL PARK, NY US","  77.5","24","  71.4","24","1013.3","21","009.0","24","  8.8","24","  1.4","22","  6.0","999.9","  84.9"," ","  66.9"," "," 0.00","G","999.9","000000"
"72505394728","2021-08-31","40.77898","-73.96925","42.7","NY CITY CENTRAL PARK, NY US","  79.1","24","  65.1","24","1008.7","23","004.0","23"," 10.0","24","  2.9","24","  8.0"," 14.0","  84.9"," ","  73.0"," "," 0.00","G","999.9","000000"
"72505394728","2021-09-01","40.77898","-73.96925","42.7","NY CITY CENTRAL PARK, NY US","  73.0","24","  64.3","24","1008.7","21","003.2","20","  7.9","24","  5.5","24"," 15.0"," 28.0","  82.9"," ","  66.9"," "," 0.07","G","999.9","110000"
"72505394728","2021-09-02","40.77898","-73.96925","42.7","NY CITY CENTRAL PARK, NY US","  67.6","24","  55.7","24","1008.4","18","001.7","23","  7.8","24","  7.2","18"," 19.0"," 34.0","  78.1"," ","  61.0"," "," 7.12","G","999.9","110000"
"72505394728","2021-09-03","40.77898","-73.96925","42.7","NY CITY CENTRAL PARK, NY US","  66.7","24","  51.1","24","1016.4","24","011.5","24"," 10.0","24","  3.0","23","  6.0","999.9","  77.0"," ","  59.0"," "," 0.10","G","999.9","000000"
"72505394728","2021-09-04","40.77898","-73.96925","42.7","NY CITY CENTRAL PARK, NY US","  68.8","24","  54.1","24","1016.4","24","011.6","24"," 10.0","24","  2.2","24","  6.0","999.9","  79.0"," ","  59.0"," "," 0.00","G","999.9","000000"
"72505394728","2021-09-05","40.77898","-73.96925","42.7","NY CITY CENTRAL PARK, NY US","  70.7","24","  61.3","24","1012.0","21","007.0","24","  9.8","24","  1.5","23","  6.0","999.9","  79.0"," ","  61.0"," "," 0.00","G","999.9","010000"
"72505394728","2021-09-06","40.77898","-73.96925","42.7","NY CITY CENTRAL PARK, NY US","  74.2","24","  61.8","24","1009.0","18","004.3","24","  9.5","24","  4.7","23","  8.9"," 15.9","  81.0"," ","  66.9"," "," 0.02","G","999.9","010000"
"72505394728","2021-09-07","40.77898","-73.96925","42.7","NY CITY CENTRAL PARK, NY US","  71.9","24","  55.6","24","1013.7","24","009.0","24"," 10.0","24","  2.1","24","  6.0","999.9","  81.0"," ","  64.9"," "," 0.00","G","999.9","000000"
"72505394728","2021-09-08","40.77898","-73.96925","42.7","NY CITY CENTRAL PARK, NY US","  75.2","24","  64.7","24","1011.5","24","006.8","24"," 10.0","24","  2.5","23","  8.0"," 15.9","  82.0"," ","  64.9"," "," 0.00","G","999.9","000000"
"72505394728","2021-09-09","40.77898","-73.96925","42.7","NY CITY CENTRAL PARK, NY US","  71.6","24","  66.6","24","1008.2","19","003.5","24","  7.4","24","  6.7"," 6"," 19.0"," 24.1","  82.0"," ","  69.1"," "," 0.04","G","999.9","010000"
"72505394728","2021-09-10","40.77898","-73.96925","42.7","NY CITY CENTRAL PARK, NY US","  68.6","24","  54.4","24","1010.9","24","006.1","24"," 10.0","24","  5.8","22","  8.9"," 20.0","  75.9"," ","  63.0"," "," 0.22","G","999.9","000000"
"72505394728","2021-09-11","40.77898","-73.96925","42.7","NY CITY CENTRAL PARK, NY US","  68.2","24","  51.2","24","1020.3","23","015.5","23"," 10.0","24","  1.8","18","  5.1","999.9","  75.9"," ","  60.1"," "," 0.00","G","999.9","000000"
"72505394728","2021-09-12","40.77898","-73.96925","42.7","NY CITY CENTRAL PARK, NY US","  73.0","24","  59.9","24","1018.9","24","014.1","24"," 10.0","24","  3.2","19","  6.0","999.9","  81.0"," ","  60.1"," "," 0.00","G","999.9","000000"
"72505394728","2021-09-13","40.77898","-73.96925","42.7","NY CITY CENTRAL PARK, NY US","  78.3","24","  64.2","24","1016.2","24","011.4","24"," 10.0","24","  4.2","23","  7.0","999.9","  82.9"," ","  66.0"," "," 0.00","G","999.9","000000"
"72505394728","2021-09-14","40.77898","-73.96925","42.7","NY CITY CENTRAL PARK, NY US","  72.8","24","  64.3","24","1017.7","24","012.9","24","  9.5","24","  1.6","18","  5.1","999.9","  82.9"," ","  66.9"," "," 0.12","G","999.9","010000"
"72505394728","2021-09-15","40.77898","-73.96925","42.7","NY CITY CENTRAL PARK, NY US","  77.1","24","  69.3","24","1014.6","24","009.8","24","  8.4","24","999.9"," 0","999.9","999.9","  84.9"," ","  66.9"," "," 0.00","G","999.9","000000"
"72505394728","2021-09-16","40.77898","-73.96925","42.7","NY CITY CENTRAL PARK, NY US","  73.6","24","  64.4","24","1020.4","23","015.8","24"," 10.0","24","999.9"," 0","999.9","999.9","  84.9"," ","  71.1"," "," 0.00","G","999.9","000000"
"72505394728","2021-09-17","40.77898","-73.96925","42.7","NY CITY CENTRAL PARK, NY US","  72.1","24","  66.9","24","1023.6","21","018.6","24","  8.4","24","999.9"," 0","999.9","999.9","  75.9"," ","  69.1"," "," 0.00","G","999.9","010000"
"72505394728","2021-09-18","40.77898","-73.96925","42.7","NY CITY CENTRAL PARK, NY US","  75.3","24","  66.1","24","1017.7","18","013.3","24"," 10.0","24","999.9"," 0","999.9","999.9","  84.0"," ","  69.1"," "," 0.00","G","999.9","000000"
"72505394728","2021-09-19","40.77898","-73.96925","42.7","NY CITY CENTRAL PARK, NY US","  71.7","24","  55.8","24","1019.9","24","015.2","24"," 10.0","24","999.9"," 0","999.9","999.9","  84.0"," ","  64.0"," "," 0.00","G","999.9","000000"
"72505394728","2021-09-20","40.77898","-73.96925","42.7","NY CITY CENTRAL PARK, NY US","  68.1","24","  56.2","24","1026.0","24","021.1","24"," 10.0","24","999.9"," 0","999.9","999.9","  75.9"," ","  63.0"," "," 0.00","G","999.9","000000"
"72505394728","2021-09-21","40.77898","-73.96925","42.7","NY CITY CENTRAL PARK, NY US","  68.6","23","  58.3","23","1027.2","21","022.5","23"," 10.0","23","999.9"," 0","999.9","999.9","  75.9"," ","  63.0"," "," 0.00","G","999.9","000000"
"72505394728","2021-09-22","40.77898","-73.96925","42.7","NY CITY CENTRAL PARK, NY US","  73.8","24","  69.0","24","1019.5","13","015.5","24","  8.4","24","999.9"," 0","999.9","999.9","  79.0"," ","  63.0"," "," 0.09","G","999.9","010000"
"72505394728","2021-09-23","40.77898","-73.96925","42.7","NY CITY CENTRAL PARK, NY US","  75.8","24","  69.2","24","1014.1","18","009.3","24","  9.3","24","  4.2"," 7","  7.0","999.9","  79.0","*","  70.0","*"," 0.01","G","999.9","110000"
"72505394728","2021-09-24","40.77898","-73.96925","42.7","NY CITY CENTRAL PARK, NY US","  65.2","24","  55.0","24","1017.3","15","011.6","24","  8.1","24","  4.5","15","  8.9"," 20.0","  79.0"," ","  57.0"," "," 2.03","G","999.9","110000"
"72505394728","2021-09-25","40.77898","-73.96925","42.7","NY CITY CENTRAL PARK, NY US","  66.0","24","  51.7","24","1016.6","24","011.8","24"," 10.0","24","  0.9","20","  4.1","999.9","  75.0"," ","  57.0"," "," 0.66","G","999.9","000000"
"72505394728","2021-09-26","40.77898","-73.96925","42.7","NY CITY CENTRAL PARK, NY US","  66.2","24","  49.2","24","1012.1","24","007.4","24"," 10.0","24","  4.2","12","  8.9"," 18.1","  75.0"," ","  57.0"," "," 0.00","G","999.9","000000"
"72505394728","2021-09-27","40.77898","-73.96925","42.7","NY CITY CENTRAL PARK, NY US","  68.3","24","  48.7","24","1013.9","24","009.1","24"," 10.0","24","999.9"," 0","999.9","999.9","  78.1"," ","  61.0"," "," 0.00","G","999.9","000000"
"72505394728","2021-09-28","40.77898","-73.96925","42.7","NY CITY CENTRAL PARK, NY US","  68.8","24","  58.1","24","1010.5","24","005.7","24","  9.3","24","999.9"," 0","999.9","999.9","  78.1"," ","  62.1"," "," 0.00","G","999.9","110000"
"72505394728","2021-09-29","40.77898","-73.96925","42.7","NY CITY CENTRAL PARK, NY US","  62.2","24","  44.3","24","1014.3","24","009.5","24"," 10.0","24","999.9"," 0","999.9","999.9","  71.1"," ","  54.0"," "," 0.27","G","999.9","000000"
"72505394728","2021-09-30","40.77898","-73.96925","42.7","NY CITY CENTRAL PARK, NY US","  61.5","24","  44.8","24","1018.3","24","013.5","24"," 10.0","24","999.9"," 0","999.9","999.9","  68.0"," ","  54.0"," "," 0.00","G","999.9","000000"
"72505394728","2021-10-01","40.77898","-73.96925","42.7","NY CITY CENTRAL PARK, NY US","  58.7","24","  44.0","24","1023.1","24","018.2","24"," 10.0","24","999.9"," 0","999.9","999.9","  66.9"," ","  51.1"," "," 0.00","G","999.9","000000"
"72505394728","2021-10-02","40.77898","-73.96925","42.7","NY CITY CENTRAL PARK, NY US","  63.8","24","  48.9","24","1021.0","24","016.1","24"," 10.0","24","999.9"," 0","999.9","999.9","  73.9"," ","  51.1"," "," 0.00","G","999.9","000000"
"72505394728","2021-10-03","40.77898","-73.96925","42.7","NY CITY CENTRAL PARK, NY US","  69.4","24","  55.6","24","1015.5","24","010.6","24"," 10.0","24","999.9"," 0","999.9","999.9","  77.0"," ","  57.0"," "," 0.00","G","999.9","000000"
"72505394728","2021-10-04","40.77898","-73.96925","42.7","NY CITY CENTRAL PARK, NY US","  69.2","24","  64.8","24","1013.9","21","009.1","24","  6.5","24","999.9"," 0","999.9","999.9","  77.0"," ","  61.0"," "," 0.08","G","999.9","010000"
"72505394728","2021-10-05","40.77898","-73.96925","42.7","NY CITY CENTRAL PARK, NY US","  62.1","23","  57.4","23","1021.8","22","017.0","23","  9.8","23","  2.0"," 5","  4.1","999.9","  73.0"," ","  60.1"," "," 0.07","G","999.9","000000"
"72505394728","2021-10-06","40.77898","-73.96925","42.7","NY CITY CENTRAL PARK, NY US","  64.0","24","  57.5","24","1027.8","16","022.8","24"," 10.0","24","  1.7","24","  6.0","999.9","  69.8","*","  61.0","*"," 0.00","G","999.9","000000"
"72505394728","2021-10-07","40.77898","-73.96925","42.7","NY CITY CENTRAL PARK, NY US","  66.6","24","  59.7","24","1025.6","22","020.8","24","  9.7","24","  0.9","24","  5.1","999.9","  73.0"," ","  61.0"," "," 0.00","G","999.9","000000"
"72505394728","2021-10-08","40.77898","-73.96925","42.7","NY CITY CENTRAL PARK, NY US","  67.3","24","  60.4","24","1021.1","23","016.3","24","  8.2","24","  2.1","24","  8.0","999.9","  75.9"," ","  61.0"," "," 0.00","G","999.9","000000"
"72505394728","2021-10-09","40.77898","-73.96925","42.7","NY CITY CENTRAL PARK, NY US","  64.4","24","  56.4","24","1023.0","16","018.4","24"," 10.0","24","  6.7","24"," 13.0"," 20.0","  75.9"," ","  60.1"," "," 0.00","G","999.9","000000"
"72505394728","2021-10-10","40.77898","-73.96925","42.7","NY CITY CENTRAL PARK, NY US","  63.0","24","  58.3","24","1022.2","21","017.2","24","  8.5","24","  8.9","24"," 13.0"," 20.0","  66.9"," ","  60.1"," "," 0.01","G","999.9","010000"
"72505394728","2021-10-11","40.77898","-73.96925","42.7","NY CITY CENTRAL PARK, NY US","  64.8","24","  57.8","24","1018.6","21","013.7","24"," 10.0","24","  7.0","24"," 13.0"," 21.0","  71.1"," ","  61.0"," "," 0.10","G","999.9","000000"
"72505394728","2021-10-12","40.77898","-73.96925","42.7","NY CITY CENTRAL PARK, NY US","  64.9","24","  58.6","24","1019.3","21","014.5","24"," 10.0","24","  2.6","23","  6.0","999.9","  71.1"," ","  55.0"," "," 0.00","G","999.9","000000"
"72505394728","2021-10-13","40.77898","-73.96925","42.7","NY CITY CENTRAL PARK, NY US","  65.4","24","  60.2","24","1017.0","19","012.2","24","  9.3","24","  0.8","24","  5.1","999.9","  69.1"," ","  61.0"," "," 0.00","G","999.9","000000"
"72505394728","2021-10-14","40.77898","-73.96925","42.7","NY CITY CENTRAL PARK, NY US","  68.3","24","  59.5","24","1013.8","23","009.1","24","  8.2","24","  2.7","24","  6.0","999.9","  75.9"," ","  61.0"," "," 0.00","G","999.9","000000"
"72505394728","2021-10-15","40.77898","-73.96925","42.7","NY CITY CENTRAL PARK, NY US","  69.4","24","  59.4","24","1013.1","24","008.2","24"," 10.0","24","  1.6","24","  6.0","999.9","  78.1","*","  63.0","*"," 0.00","G","999.9","000000"
"72505394728","2021-10-16","40.77898","-73.96925","42.7","NY CITY CENTRAL PARK, NY US","  70.0","24","  60.5","24","1008.1","23","003.1","24","  9.6","24","  3.7","21"," 13.0"," 28.0","  79.0"," ","  63.0"," "," 0.00","G","999.9","010000"
"72505394728","2021-10-17","40.77898","-73.96925","42.7","NY CITY CENTRAL PARK, NY US","  57.3","24","  48.4","24","1008.8","20","003.6","24","  9.0","24","  5.7","23","  8.0"," 15.9","  75.9"," ","  53.1"," "," 0.25","G","999.9","010000"
"72505394728","2021-10-18","40.77898","-73.96925","42.7","NY CITY CENTRAL PARK, NY US","  53.2","24","  39.7","24","1010.9","24","006.1","22","  9.9","24","  5.8","23"," 13.0"," 25.1","  61.0"," ","  48.9"," "," 0.00","G","999.9","000000"
"72505394728","2021-10-19","40.77898","-73.96925","42.7","NY CITY CENTRAL PARK, NY US","  54.2","24","  38.7","24","1015.1","24","010.3","24"," 10.0","24","  4.8","21","  8.9"," 18.1","  66.0"," ","  46.9"," "," 0.00","G","999.9","000000"
"72505394728","2021-10-20","40.77898","-73.96925","42.7","NY CITY CENTRAL PARK, NY US","  64.2","24","  45.7","24","1015.2","24","010.4","24"," 10.0","24","  3.5","21","  8.0","999.9","  75.0"," ","  46.9"," "," 0.00","G","999.9","000000"
"72505394728","2021-10-21","40.77898","-73.96925","42.7","NY CITY CENTRAL PARK, NY US","  66.6","24","  50.1","24","1015.3","24","010.4","24"," 10.0","24","  3.0","24","  8.0"," 15.9","  75.0"," ","  55.9"," "," 0.00","G","999.9","000000"
"72505394728","2021-10-22","40.77898","-73.96925","42.7","NY CITY CENTRAL PARK, NY US","  64.8","24","  52.0","24","1010.8","24","006.1","23"," 10.0","24","  4.0","23","  8.9"," 15.9","  73.0"," ","  59.0"," "," 0.00","G","999.9","000000"
"72505394728","2021-10-23","40.77898","-73.96925","42.7","NY CITY CENTRAL PARK, NY US","  55.2","24","  43.1","24","1014.3","24","009.5","24","  9.9","24","  2.6","24","  6.0","999.9","  69.1"," ","  48.0"," "," 0.00","G","999.9","010000"
"72505394728","2021-10-24","40.77898","-73.96925","42.7","NY CITY CENTRAL PARK, NY US","  53.0","24","  42.2","24","1019.8","24","014.9","24"," 10.0","24","  2.7","23","  6.0","999.9","  59.0"," ","  46.9"," "," 0.01","G","999.9","000000"
"72505394728","2021-10-25","40.77898","-73.96925","42.7","NY CITY CENTRAL PARK, NY US","  63.4","24","  58.0","24","1014.6","20","010.0","24","  8.3","24","  2.2","23","  5.1","999.9","  73.0"," ","  46.9"," "," 0.06","G","999.9","010000"
"72505394728","2021-10-26","40.77898","-73.96925","42.7","NY CITY CENTRAL PARK, NY US","  60.2","24","  57.8","24"," 997.7","12","994.3","24","  5.7","24","  5.2","23"," 12.0"," 25.1","  73.0"," ","  55.0"," "," 2.38","G","999.9","010000"
"72505394728","2021-10-27","40.77898","-73.96925","42.7","NY CITY CENTRAL PARK, NY US","  57.3","24","  49.9","24","1003.4","19","997.0","24","  8.4","24","  7.4","24"," 13.0"," 20.0","  60.1","*","  53.6","*"," 1.28","G","999.9","010000"
"72505394728","2021-10-28","40.77898","-73.96925","42.7","NY CITY CENTRAL PARK, NY US","  53.4","24","  42.0","24","1012.9","19","008.4","24"," 10.0","24","  4.3","24","  8.0","999.9","  61.0"," ","  48.9"," "," 0.16","G","999.9","000000"
"72505394728","2021-10-29","40.77898","-73.96925","42.7","NY CITY CENTRAL PARK, NY US","  53.0","24","  43.5","24","1012.1","21","007.3","24"," 10.0","24","  6.8","23"," 13.0"," 24.1","  57.0"," ","  46.9"," "," 0.00","G","999.9","000000"
"72505394728","2021-10-30","40.77898","-73.96925","42.7","NY CITY CENTRAL PARK, NY US","  57.4","24","  53.3","24","1003.4","14","998.7","24","  7.0","24","  6.3","24"," 13.0"," 28.9","  64.0"," ","  46.9"," "," 0.92","G","999.9","010000"
"72505394728","2021-10-31","40.77898","-73.96925","42.7","NY CITY CENTRAL PARK, NY US","  58.3","24","  53.4","24","1001.5","17","996.2","24","  7.6","24","  3.4","24","  9.9"," 18.1","  64.0"," ","  53.1"," "," 0.10","G","999.9","010000"
"72505394728","2021-11-01","40.77898","-73.96925","42.7","NY CITY CENTRAL PARK, NY US","  55.7","24","  41.1","24","1014.6","24","009.8","24"," 10.0","24","  5.1","23"," 11.1"," 18.1","  63.0"," ","  53.1"," "," 0.04","G","999.9","000000"
"72505394728","2021-11-02","40.77898","-73.96925","42.7","NY CITY CENTRAL PARK, NY US","  50.8","24","  35.0","24","1022.1","24","017.2","24"," 10.0","24","  2.1","23","  8.9","999.9","  57.9"," ","  48.9"," "," 0.00","G","999.9","000000"
"72505394728","2021-11-03","40.77898","-73.96925","42.7","NY CITY CENTRAL PARK, NY US","  45.8","24","  31.9","24","1023.4","24","018.4","24"," 10.0","24","  3.5","23","  8.9"," 15.0","  53.1"," ","  41.0"," "," 0.00","G","999.9","000000"
"72505394728","2021-11-04","40.77898","-73.96925","42.7","NY CITY CENTRAL PARK, NY US","  44.5","24","  27.1","24","1026.7","24","021.8","24"," 10.0","24","  3.2","24","  7.0","999.9","  51.1"," ","  39.0"," "," 0.00","G","999.9","000000"
"72505394728","2021-11-05","40.77898","-73.96925","42.7","NY CITY CENTRAL PARK, NY US","  44.8","24","  28.5","24","1026.6","24","021.6","24"," 10.0","24","  3.4","23","  7.0","999.9","  51.1"," ","  39.0"," "," 0.00","G","999.9","000000"
"72505394728","2021-11-06","40.77898","-73.96925","42.7","NY CITY CENTRAL PARK, NY US","  45.9","24","  28.8","24","1029.1","24","024.1","24"," 10.0","24","  2.5","24","  4.1","999.9","  52.0"," ","  39.0"," "," 0.00","G","999.9","000000"
"72505394728","2021-11-07","40.77898","-73.96925","42.7","NY CITY CENTRAL PARK, NY US","  46.5","24","  32.4","24","1023.1","24","018.3","23","  9.6","24","  2.2","24","  5.1","999.9","  53.1"," ","  39.9"," "," 0.00","G","999.9","000000"
"72505394728","2021-11-08","40.77898","-73.96925","42.7","NY CITY CENTRAL PARK, NY US","  53.2","24","  34.5","24","1019.6","24","014.6","24"," 10.0","24","  2.8","23","  5.1","999.9","  63.0"," ","  39.9"," "," 0.00","G","999.9","000000"
"72505394728","2021-11-09","40.77898","-73.96925","42.7","NY CITY CENTRAL PARK, NY US","  57.9","24","  42.1","24","1018.9","24","014.0","24"," 10.0","24","  2.4","24","  6.0","999.9","  68.0"," ","  44.1"," "," 0.00","G","999.9","000000"
"72505394728","2021-11-10","40.77898","-73.96925","42.7","NY CITY CENTRAL PARK, NY US","  59.5","24","  41.1","24","1017.4","24","012.6","24","  9.8","24","  2.3","23","  9.9"," 15.9","  68.0"," ","  50.0"," "," 0.00","G","999.9","000000"
"72505394728","2021-11-11","40.77898","-73.96925","42.7","NY CITY CENTRAL PARK, NY US","  52.3","24","  35.6","24","1025.0","24","020.1","24"," 10.0","24","  3.2","24","  7.0","999.9","  64.0"," ","  45.0"," "," 0.00","G","999.9","000000"
"72505394728","2021-11-12","40.77898","-73.96925","42.7","NY CITY CENTRAL PARK, NY US","  61.5","24","  55.8","24","1016.4","18","011.3","24","  8.0","24","  5.6","24"," 12.0"," 26.0","  64.9"," ","  45.0"," "," 0.01","G","999.9","110000"
"72505394728","2021-11-13","40.77898","-73.96925","42.7","NY CITY CENTRAL PARK, NY US","  52.4","24","  38.8","24","1009.8","23","004.7","24","  9.6","24","  3.4","21"," 14.0"," 35.0","  64.9"," ","  42.1"," "," 0.48","G","999.9","110000"
"72505394728","2021-11-14","40.77898","-73.96925","42.7","NY CITY CENTRAL PARK, NY US","  42.7","24","  30.8","24","1012.1","24","007.2","24"," 10.0","24","  3.6","22"," 11.1"," 20.0","  46.9","*","  37.9","*"," 0.33","G","999.9","000000"
"72505394728","2021-11-15","40.77898","-73.96925","42.7","NY CITY CENTRAL PARK, NY US","  43.5","24","  33.6","24","1009.0","24","004.1","24","  9.9","24","  5.2","22"," 11.1"," 20.0","  48.0"," ","  37.9"," "," 0.02","G","999.9","010000"
"72505394728","2021-11-16","40.77898","-73.96925","42.7","NY CITY CENTRAL PARK, NY US","  42.3","24","  27.3","24","1018.4","24","013.5","24"," 10.0","24","  5.8","23","  8.0"," 17.1","  48.9"," ","  36.0"," "," 0.00","G","999.9","000000"
"72505394728","2021-11-17","40.77898","-73.96925","42.7","NY CITY CENTRAL PARK, NY US","  46.8","24","  32.1","24","1024.8","24","019.8","24"," 10.0","24","  1.8","23","  6.0","999.9","  55.9"," ","  36.0"," "," 0.00","G","999.9","000000"
"72505394728","2021-11-18","40.77898","-73.96925","42.7","NY CITY CENTRAL PARK, NY US","  59.6","24","  48.6","24","1016.9","24","012.1","24","  9.9","24","  4.1","24","  7.0"," 15.0","  69.1","*","  55.0","*"," 0.00","G","999.9","000000"
"72505394728","2021-11-19","40.77898","-73.96925","42.7","NY CITY CENTRAL PARK, NY US","  46.7","24","  30.8","24","1021.3","22","016.0","24","  9.4","24","  7.7","24"," 14.0"," 21.0","  69.1"," ","  39.9"," "," 0.10","G","999.9","010000"
"72505394728","2021-11-20","40.77898","-73.96925","42.7","NY CITY CENTRAL PARK, NY US","  41.1","24","  25.4","24","1032.7","24","027.7","24"," 10.0","24","  3.3","24","  8.0"," 15.0","  48.0"," ","  35.1"," "," 0.01","G","999.9","000000"
"72505394728","2021-11-21","40.77898","-73.96925","42.7","NY CITY CENTRAL PARK, NY US","  48.5","24","  35.0","24","1026.2","24","021.2","24"," 10.0","24","  2.9","22","  6.0","999.9","  55.9"," ","  35.1"," "," 0.00","G","999.9","010000"
"72505394728","2021-11-22","40.77898","-73.96925","42.7","NY CITY CENTRAL PARK, NY US","  49.8","24","  40.8","24","1011.9","22","007.2","24","  9.7","24","  5.1","23","  8.9"," 18.1","  55.9"," ","  41.0"," "," 0.03","G","999.9","010000"
"72505394728","2021-11-23","40.77898","-73.96925","42.7","NY CITY CENTRAL PARK, NY US","  36.7","24","  17.1","24","1015.2","24","010.2","24"," 10.0","24","  7.5","22"," 14.0"," 24.1","  55.0"," ","  32.0"," "," 0.02","G","999.9","000000"
"72505394728","2021-11-24","40.77898","-73.96925","42.7","NY CITY CENTRAL PARK, NY US","  36.2","24","  17.2","24","1024.7","24","019.7","24"," 10.0","24","  4.2","23","  8.9"," 18.1","  45.0"," ","  30.0"," "," 0.00","G","999.9","000000"
"72505394728","2021-11-25","40.77898","-73.96925","42.7","NY CITY CENTRAL PARK, NY US","  46.2","24","  22.6","24","1019.0","24","014.1","24"," 10.0","24","  3.0","24","  7.0","999.9","  55.9"," ","  30.0"," "," 0.00","G","999.9","000000"
"72505394728","2021-11-26","40.77898","-73.96925","42.7","NY CITY CENTRAL PARK, NY US","  45.4","24","  32.6","24","1005.3","23","000.3","24","  9.0","24","  5.7","23"," 15.0"," 28.0","  55.9"," ","  39.0"," "," 0.07","G","999.9","010000"
"72505394728","2021-11-27","40.77898","-73.96925","42.7","NY CITY CENTRAL PARK, NY US","  36.7","24","  19.7","24","1009.0","24","004.1","24"," 10.0","24","  8.4","24"," 17.1"," 27.0","  46.9"," ","  35.1"," "," 0.06","G","999.9","000000"
"72505394728","2021-11-28","40.77898","-73.96925","42.7","NY CITY CENTRAL PARK, NY US","  36.2","24","  25.4","24","1012.1","22","007.2","24","  9.0","24","  2.2","24","  6.0","999.9","  41.0"," ","  33.1"," "," 0.00","G","999.9","001000"
"72505394728","2021-11-29","40.77898","-73.96925","42.7","NY CITY CENTRAL PARK, NY US","  39.3","24","  26.7","24","1011.3","24","006.1","23"," 10.0","24","  4.9","24","  9.9"," 18.1","  45.0"," ","  33.1"," "," 0.00","G","999.9","000000"
"72505394728","2021-11-30","40.77898","-73.96925","42.7","NY CITY CENTRAL PARK, NY US","  35.7","24","  22.7","24","1015.5","24","010.5","23"," 10.0","24","  4.3","24","  8.0"," 15.0","  45.0"," ","  30.9"," "," 0.00","G","999.9","010000"
"72505394728","2021-12-01","40.77898","-73.96925","42.7","NY CITY CENTRAL PARK, NY US","  43.3","24","  25.9","24","1018.5","24","014.6","19"," 10.0","24","  4.0","23","  8.9"," 19.0","  48.9"," ","  30.9"," "," 0.00","G","999.9","000000"
"72505394728","2021-12-02","40.77898","-73.96925","42.7","NY CITY CENTRAL PARK, NY US","  51.7","24","  39.9","24","1010.8","24","005.9","24","  9.7","24","  4.2","20","  7.0"," 17.1","  57.9"," ","  39.9"," "," 0.04","G","999.9","010000"
"72505394728","2021-12-03","40.77898","-73.96925","42.7","NY CITY CENTRAL PARK, NY US","  46.2","24","  26.0","24","1010.0","24","005.2","24"," 10.0","24","  7.5","24"," 12.0"," 27.0","  57.9"," ","  41.0"," "," 0.00","A","999.9","000000"
"72505394728","2021-12-04","40.77898","-73.96925","42.7","NY CITY CENTRAL PARK, NY US","  41.5","24","  24.0","24","1019.0","24","014.1","24"," 10.0","24","  3.0","24","  9.9"," 14.0","  48.0"," ","  36.0"," "," 0.00","G","999.9","000000"
"72505394728","2021-12-05","40.77898","-73.96925","42.7","NY CITY CENTRAL PARK, NY US","  43.3","24","  22.8","24","1025.9","24","021.0","24"," 10.0","24","  1.9","22","  6.0","999.9","  48.0"," ","  36.0"," "," 0.00","G","999.9","000000"
"72505394728","2021-12-06","40.77898","-73.96925","42.7","NY CITY CENTRAL PARK, NY US","  51.6","24","  44.6","24","1013.8","19","009.0","24","  6.8","24","  4.1","24","  7.0"," 19.0","  61.0"," ","  39.0"," "," 0.30","G","999.9","110000"
"72505394728","2021-12-07","40.77898","-73.96925","42.7","NY CITY CENTRAL PARK, NY US","  41.7","24","  23.1","24","1018.3","22","012.1","24","  9.4","24","  6.1","23"," 17.1"," 33.0","  61.0"," ","  36.0"," "," 0.12","G","999.9","010000"
"72505394728","2021-12-08","40.77898","-73.96925","42.7","NY CITY CENTRAL PARK, NY US","  38.6","24","  25.8","24","1018.0","22","012.6","24"," 10.0","24","  4.0","24","  8.0","999.9","  43.0"," ","  36.0"," "," 0.00","G","999.9","000000"
"72505394728","2021-12-09","40.77898","-73.96925","42.7","NY CITY CENTRAL PARK, NY US","  34.8","24","  21.8","24","1019.8","23","014.0","24","  9.4","24","  5.1","23","  9.9"," 22.0","  42.1"," ","  30.9"," "," 0.04","G","999.9","011000"
"72505394728","2021-12-10","40.77898","-73.96925","42.7","NY CITY CENTRAL PARK, NY US","  43.1","24","  26.6","24","1021.8","24","016.9","24"," 10.0","24","  3.1","23","  7.0","999.9","  50.0"," ","  30.9"," "," 0.00","G","999.9","000000"
"72505394728","2021-12-11","40.77898","-73.96925","42.7","NY CITY CENTRAL PARK, NY US","  53.3","24","  46.8","24","1012.9","16","006.6","24","  7.5","24","  3.2","21","  8.9"," 17.1","  66.2","*","  44.6","*"," 0.09","G","999.9","010000"
"72505394728","2021-12-12","40.77898","-73.96925","42.7","NY CITY CENTRAL PARK, NY US","  49.9","24","  28.1","24","1014.1","24","008.7","24","  9.7","24","  7.6","24"," 17.1"," 27.0","  66.0"," ","  42.1"," "," 0.08","G","999.9","010000"
"72505394728","2021-12-13","40.77898","-73.96925","42.7","NY CITY CENTRAL PARK, NY US","  45.1","24","  18.7","24","1023.9","24","019.0","24"," 10.0","24","  6.6","24"," 12.0"," 17.1","  55.9"," ","  39.9"," "," 0.00","G","999.9","000000"
"72505394728","2021-12-14","40.77898","-73.96925","42.7","NY CITY CENTRAL PARK, NY US","  48.1","24","  19.2","24","1029.1","24","024.1","24"," 10.0","24","  4.7","24","  7.0"," 18.1","  53.1"," ","  39.9"," "," 0.00","G","999.9","000000"
"72505394728","2021-12-15","40.77898","-73.96925","42.7","NY CITY CENTRAL PARK, NY US","  46.4","24","  27.9","24","1036.2","22","030.7","24"," 10.0","24","  4.8","23","  8.9","999.9","  54.0"," ","  39.9"," "," 0.00","G","999.9","010000"
"72505394728","2021-12-16","40.77898","-73.96925","42.7","NY CITY CENTRAL PARK, NY US","  56.7","24","  43.8","24","1019.3","21","015.2","24"," 10.0","24","  6.5","22"," 11.1"," 20.0","  62.1"," ","  39.9"," "," 0.00","G","999.9","000000"
"72505394728","2021-12-17","40.77898","-73.96925","42.7","NY CITY CENTRAL PARK, NY US","  58.0","24","  29.3","24","1015.6","24","010.8","24"," 10.0","24","  6.5","24"," 12.0"," 20.0","  62.1"," ","  53.1"," "," 0.00","G","999.9","000000"
"72505394728","2021-12-18","40.77898","-73.96925","42.7","NY CITY CENTRAL PARK, NY US","  44.1","24","  29.5","24","1020.2","21","014.9","24","  8.0","24","  3.9","24","  7.0","999.9","  60.1"," ","  39.0"," "," 0.00","G","999.9","010000"
"72505394728","2021-12-19","40.77898","-73.96925","42.7","NY CITY CENTRAL PARK, NY US","  40.9","24","  32.0","24","1015.8","19","009.3","24","  7.1","24","  4.8","24"," 11.1"," 21.0","  48.0"," ","  33.1"," "," 0.08","G","999.9","010000"
"72505394728","2021-12-20","40.77898","-73.96925","42.7","NY CITY CENTRAL PARK, NY US","  30.4","24","  13.8","24","1026.0","24","020.9","24"," 10.0","24","  4.5","23","  8.0","999.9","  45.0"," ","  25.0"," "," 0.02","G","999.9","000000"
"72505394728","2021-12-21","40.77898","-73.96925","42.7","NY CITY CENTRAL PARK, NY US","  36.3","24","  20.3","24","1019.6","24","014.6","24"," 10.0","24","  4.2","24","  7.0"," 15.9","  43.0"," ","  25.0"," "," 0.00","G","999.9","000000"
"72505394728","2021-12-22","40.77898","-73.96925","42.7","NY CITY CENTRAL PARK, NY US","  41.2","24","  29.7","24","1005.6","21","000.5","24","  8.7","24","  5.4","24"," 11.1"," 21.0","  46.9"," ","  30.9"," "," 0.12","G","999.9","010000"
"72505394728","2021-12-23","40.77898","-73.96925","42.7","NY CITY CENTRAL PARK, NY US","  33.3","24","  14.0","24","1018.3","24","013.3","24"," 10.0","24","  5.5","23"," 12.0"," 22.9","  46.9"," ","  30.9"," "," 0.00","I","999.9","000000"
"72505394728","2021-12-24","40.77898","-73.96925","42.7","NY CITY CENTRAL PARK, NY US","  34.8","24","  25.3","24","1019.1","22","014.1","24","  8.6","24","  3.4","24","  8.0","999.9","  39.9"," ","  30.0"," "," 0.03","G","999.9","101000"
"72505394728","2021-12-25","40.77898","-73.96925","42.7","NY CITY CENTRAL PARK, NY US","  40.5","24","  36.6","24","1005.4","21","000.6","24","  5.6","24","  3.0","24","  7.0"," 15.0","  48.9"," ","  30.0"," "," 0.05","G","999.9","010000"
"72505394728","2021-12-26","40.77898","-73.96925","42.7","NY CITY CENTRAL PARK, NY US","  46.8","24","  33.7","24","1008.3","24","003.7","23","  9.7","24","  7.6","24"," 13.0"," 24.1","  52.0"," ","  36.0"," "," 0.11","G","999.9","000000"
"72505394728","2021-12-27","40.77898","-73.96925","42.7","NY CITY CENTRAL PARK, NY US","  37.4","24","  22.5","24","1017.8","22","012.6","24"," 10.0","24","  4.9","24"," 11.1"," 19.0","  51.1"," ","  34.0"," "," 0.00","G","999.9","000000"
"72505394728","2021-12-28","40.77898","-73.96925","42.7","NY CITY CENTRAL PARK, NY US","  40.0","24","  33.3","24","1010.7","18","005.7","24","  7.4","24","  4.1","24","  8.9","999.9","  46.9"," ","  34.0"," "," 0.09","G","999.9","010000"
"72505394728","2021-12-29","40.77898","-73.96925","42.7","NY CITY CENTRAL PARK, NY US","  42.6","24","  37.4","24","1011.7","22","006.7","24","  6.3","24","  5.0","24"," 11.1"," 14.0","  46.9"," ","  36.0"," "," 0.19","G","999.9","010000"
"72505394728","2021-12-30","40.77898","-73.96925","42.7","NY CITY CENTRAL PARK, NY US","  45.0","24","  41.7","24","1013.8","14","009.0","24","  4.7","24","  2.8","24","  6.0","999.9","  48.9"," ","  41.0"," "," 0.05","G","999.9","010000"
"72505394728","2021-12-31","40.77898","-73.96925","42.7","NY CITY CENTRAL PARK, NY US","  50.2","24","  45.6","24","1013.8","17","008.8","24","  6.3","24","  2.0","24","  7.0","999.9","  55.0"," ","  43.0"," "," 0.00","A","999.9","000000"
